Time Apple Generated,Time Of Click,Apple Type,Location,Apple's Speed,Reaction Time
1436959722.29951,,good,Pot,,
1436959725.435733,,good,Pot,,
1436959731.962375,,good,Pot,,
1436959739.696781,,good,Pot,,
1436959749.226548,,good,Pot,,
1436959749.830867,,good,Pot,,
1436959760.042835,,good,Pot,,
1436959764.239548,,good,Pot,,
1436959765.435751,,good,Pot,,
1436959773.827251,,good,Pot,,
1436959790.066158,,good,Pot,,
1436959795.467316,,good,Pot,,
1436959800.880114,,good,Pot,,
1436959808.695187,,good,Pot,,
1436959811.70224,,good,Pot,,
1436959817.714233,,good,Pot,,
1436959818.912654,,good,Pot,,
1436959826.728236,,good,Pot,,
1436959827.940705,,good,Pot,,
1436959838.162734,,good,Pot,,
1436959844.186236,,good,Pot,,
1436959850.206977,,good,Pot,,
1436959868.257875,,good,Pot,,
1436959868.862204,,good,Pot,,
1436959869.45831,,good,Pot,,
1436959872.469611,,good,Pot,,
1436959873.666398,,good,Pot,,
1436959892.925378,,good,Pot,,
1436959912.152422,,good,Pot,,
1436959915.76513,,good,Pot,,
1436959924.79022,,good,Pot,,
1436959926.594112,,good,Pot,,
1436959944.650529,,good,Pot,,
1436959951.870988,,good,Pot,,
1436959954.876786,,good,Pot,,
1436959959.697578,,good,Pot,,
1436959960.298447,,good,Pot,,
1436959968.12657,,good,Pot,,
1436959996.997626,,good,Pot,,
1436960004.206706,,good,Pot,,
1436960009.631379,,good,Pot,,
1436960010.24,,good,Pot,,
1436960010.846751,,good,Pot,,
1436960018.676605,,good,Pot,,
1436960023.474311,,good,Pot,,
1436960027.083502,,good,Pot,,
1436960032.499556,,good,Pot,,
1436960040.329172,,good,Pot,,
1436960054.777888,,good,Pot,,
1436960077.640453,,good,Pot,,
1436960089.653738,,good,Pot,,
1436960093.883574,,good,Pot,,
1436960098.093334,,good,Pot,,
1436960100.492972,,good,Pot,,
1436960101.090346,,good,Pot,,
1436960113.128074,,good,Pot,,
1436960113.729496,,good,Pot,,
1436960121.532356,,good,Pot,,
1436960123.342385,,good,Pot,,
1436960128.146422,,good,Pot,,
1436960130.551603,,good,Pot,,
1436960131.74843,,good,Pot,,
1436960144.41058,,good,Pot,,
1436960147.409297,,good,Pot,,
1436960149.213049,,good,Pot,,
1436960149.812121,,good,Pot,,
1436960151.610205,,good,Pot,,
1436960158.236284,,good,Pot,,
1436960181.124563,,good,Pot,,
1436960184.723794,,good,Pot,,
1436960196.162658,,good,Pot,,
1436960210.610982,,good,Pot,,
1436960216.625634,,good,Pot,,
1436960225.024773,,good,Pot,,
1436960238.858562,,good,Pot,,
1436960239.45972,,good,Pot,,
1436960253.276594,,good,Pot,,
1436960271.922971,,good,Pot,,
1436960274.935273,,good,Pot,,
1436960279.748836,,good,Pot,,
1436960280.945606,,good,Pot,,
1436960282.76031,,good,Pot,,
1436960283.961608,,good,Pot,,
1436960285.766363,,good,Pot,,
1436960286.962933,,good,Pot,,
1436960288.76952,,good,Pot,,
1436960296.597205,,good,Pot,,
1436960303.208238,,good,Pot,,
1436960308.626796,,good,Pot,,
1436960323.643805,,good,Pot,,
1436960334.463984,,good,Pot,,
1436960336.875526,,good,Pot,,
1436960337.474634,,good,Pot,,
1436960340.481854,,good,Pot,,
1436960342.892485,,good,Pot,,
1436960344.096347,,good,Pot,,
1436960348.319992,,good,Pot,,
1436960350.730926,,good,Pot,,
1436960371.187624,,good,Pot,,
1436960374.195209,,good,Pot,,
1436960391.042853,,good,Pot,,
1436960407.872589,,good,Pot,,
1436960415.712516,,good,Pot,,
1436960418.108903,,good,Pot,,
1436960418.712742,,good,Pot,,
1436960422.337989,,good,Pot,,
1436960424.148063,,good,Pot,,
1436960425.951042,,good,Pot,,
1436960428.361325,,good,Pot,,
1436960431.974439,,good,Pot,,
1436960432.570828,,good,Pot,,
1436960445.212116,,good,Pot,,
1436960449.432966,,good,Pot,,
1436960456.658995,,good,Pot,,
1436960459.062866,,good,Pot,,
1436960475.309371,,good,Pot,,
1436960479.527427,,good,Pot,,
1436960481.937579,,good,Pot,,
1436960490.96344,,good,Pot,,
1436960491.564569,,good,Pot,,
1436960497.575197,,good,Pot,,
1436960509.00827,,good,Pot,,
1436960512.625514,,good,Pot,,
1436960525.248441,,good,Pot,,
1436960528.248624,,good,Pot,,
1436960531.861766,,good,Pot,,
1436960540.282624,,good,Pot,,
1436960552.93186,,good,Pot,,
1436960560.14719,,good,Pot,,
1436960561.348698,,good,Pot,,
1436960561.946889,,good,Pot,,
1436960576.985849,,good,Pot,,
1436960577.588543,,good,Pot,,
1436960579.997367,,good,Pot,,
1436960589.63578,,good,Pot,,
1436960596.84581,,good,Pot,,
1436960606.470087,,good,Pot,,
1436960613.083354,,good,Pot,,
1436960616.097076,,good,Pot,,
1436960625.118624,,good,Pot,,
1436960628.124267,,good,Pot,,
1436960636.54823,,good,Pot,,
1436960637.750877,,good,Pot,,
1436960654.613396,,good,Pot,,
1436960666.038315,,good,Pot,,
1436960669.044689,,good,Pot,,
1436960672.044749,,good,Pot,,
1436960672.644964,,good,Pot,,
1436960683.471163,,good,Pot,,
1436960689.479921,,good,Pot,,
1436960699.71705,,good,Pot,,
1436960700.321167,,good,Pot,,
1436960708.150404,,good,Pot,,
1436960712.375993,,good,Pot,,
1436960714.184927,,good,Pot,,
1436960718.392578,,good,Pot,,
1436960726.208997,,good,Pot,,
1436960734.029306,,good,Pot,,
1436960737.641444,,good,Pot,,
1436960744.252297,,good,Pot,,
1436960751.458648,,good,Pot,,
1436960754.467871,,good,Pot,,
1436960756.273636,,good,Pot,,
1436960758.073988,,good,Pot,,
1436960767.706797,,good,Pot,,
1436960774.332949,,good,Pot,,
1436960793.565836,,good,Pot,,
1436960799.58689,,good,Pot,,
1436960802.595395,,good,Pot,,
1436960812.835091,,good,Pot,,
1436960814.038637,,good,Pot,,
1436960814.6439,,good,Pot,,
1436960818.863959,,good,Pot,,
1436960826.092149,,good,Pot,,
1436960829.705487,,good,Pot,,
1436960835.12897,,good,Pot,,
1436960851.94543,,good,Pot,,
1436960853.144966,,good,Pot,,
1436960853.748975,,good,Pot,,
1436960860.349145,,good,Pot,,
1436960866.962555,,good,Pot,,
1436960872.98187,,good,Pot,,
1436960880.196646,,good,Pot,,
1436960881.400443,,good,Pot,,
1436960885.613682,,good,Pot,,
1436960886.214445,,good,Pot,,
1436960898.847691,,good,Pot,,
1436960903.0718,,good,Pot,,
1436960915.104358,,good,Pot,,
1436960940.405287,,good,Pot,,
1436960943.411645,,good,Pot,,
1436960944.008883,,good,Pot,,
1436960948.827306,,good,Pot,,
1436960954.830898,,good,Pot,,
1436960958.432287,,good,Pot,,
1436960965.028596,,good,Pot,,
1436960971.645842,,good,Pot,,
1436960972.843483,,good,Pot,,
1436960975.251612,,good,Pot,,
1436960981.267093,,good,Pot,,
1436960986.67756,,good,Pot,,
1436960999.293025,,good,Pot,,
1436961006.524347,,good,Pot,,
1436961007.730333,,good,Pot,,
1436961008.33159,,good,Pot,,
1436961016.167288,,good,Pot,,
1436961028.208923,,good,Pot,,
1436961032.427958,,good,Pot,,
1436961039.653764,,good,Pot,,
1436961072.73731,,good,Pot,,
1436961073.335048,,good,Pot,,
1436961073.940292,,good,Pot,,
1436961074.542751,,good,Pot,,
1436961081.17405,,good,Pot,,
1436961094.402411,,good,Pot,,
1436961095.009164,,good,Pot,,
1436961106.463007,,good,Pot,,
1436961107.063535,,good,Pot,,
1436961114.278579,,good,Pot,,
1436961120.27791,,good,Pot,,
1436961128.094094,,good,Pot,,
1436961128.692057,,good,Pot,,
1436961132.306309,,good,Pot,,
1436961132.913569,,good,Pot,,
1436961138.370846,,good,Pot,,
1436961139.573809,,good,Pot,,
1436961147.40812,,good,Pot,,
1436961151.628901,,good,Pot,,
1436961158.834377,,good,Pot,,
1436961161.827485,,good,Pot,,
1436961162.42689,,good,Pot,,
1436961168.445954,,good,Pot,,
1436961191.294998,,good,Pot,,
1436961192.498583,,good,Pot,,
1436961193.69941,,good,Pot,,
1436961197.304182,,good,Pot,,
1436961200.914138,,good,Pot,,
1436961209.955968,,good,Pot,,
1436961218.978168,,good,Pot,,
1436961223.191618,,good,Pot,,
1436961223.796027,,good,Pot,,
1436961250.250861,,good,Pot,,
1436961252.051071,,good,Pot,,
1436961255.654625,,good,Pot,,
1436961263.468898,,good,Pot,,
1436961264.073847,,good,Pot,,
1436961277.928192,,good,Pot,,
1436961278.530776,,good,Pot,,
1436961283.34265,,good,Pot,,
1436961286.349021,,good,Pot,,
1436961288.15327,,good,Pot,,
1436961289.35688,,good,Pot,,
1436961305.611489,,good,Pot,,
1436961308.614651,,good,Pot,,
1436961309.81084,,good,Pot,,
1436961318.229563,,good,Pot,,
1436961319.429515,,good,Pot,,
1436961324.857339,,good,Pot,,
1436961325.464125,,good,Pot,,
1436961331.499106,,good,Pot,,
1436961334.506035,,good,Pot,,
1436961338.114121,,good,Pot,,
1436961339.320452,,good,Pot,,
1436961340.526371,,good,Pot,,
1436961341.12459,,good,Pot,,
1436961342.929006,,good,Pot,,
1436961344.728613,,good,Pot,,
1436961347.137037,,good,Pot,,
1436961347.736891,,good,Pot,,
1436961353.754286,,good,Pot,,
1436961366.427066,,good,Pot,,
1436961376.047244,,good,Pot,,
1436961377.249339,,good,Pot,,
1436961384.480861,,good,Pot,,
1436961398.336071,,good,Pot,,
1436961401.342807,,good,Pot,,
1436961404.363585,,good,Pot,,
1436961411.590988,,good,Pot,,
1436961416.40838,,good,Pot,,
1436961420.020274,,good,Pot,,
1436961427.229902,,good,Pot,,
1436961453.099154,,good,Pot,,
1436961456.098521,,good,Pot,,
1436961457.307448,,good,Pot,,
1436961457.914202,,good,Pot,,
1436961469.943054,,good,Pot,,
1436961472.962023,,good,Pot,,
1436961475.359396,,good,Pot,,
1436961483.177053,,good,Pot,,
1436961484.37918,,good,Pot,,
1436961486.171729,,good,Pot,,
1436961486.778272,,good,Pot,,
1436961506.641571,,good,Pot,,
1436961518.061687,,good,Pot,,
1436961530.699372,,good,Pot,,
1436961533.705667,,good,Pot,,
1436961559.566502,,good,Pot,,
1436961566.782611,,good,Pot,,
1436961567.982686,,good,Pot,,
1436961577.008499,,good,Pot,,
1436961578.214657,,good,Pot,,
1436961582.418467,,good,Pot,,
1436961583.013983,,good,Pot,,
1436961592.028464,,good,Pot,,
1436961613.667015,,good,Pot,,
1436961616.674393,,good,Pot,,
1436961620.893818,,good,Pot,,
1436961628.716501,,good,Pot,,
1436961632.329681,,good,Pot,,
1436961634.733388,,good,Pot,,
1436961647.957216,,good,Pot,,
1436961650.365591,,good,Pot,,
1436961654.582356,,good,Pot,,
1436961664.202591,,good,Pot,,
1436961673.837538,,good,Pot,,
1436961674.441531,,good,Pot,,
1436961675.65781,,good,Pot,,
1436961682.865088,,good,Pot,,
1436961683.464269,,good,Pot,,
1436961684.060629,,good,Pot,,
1436961696.691515,,good,Pot,,
1436961699.706549,,good,Pot,,
1436961704.509751,,good,Pot,,
1436961706.92438,,good,Pot,,
1436961709.931624,,good,Pot,,
1436961711.742481,,good,Pot,,
1436961720.766376,,good,Pot,,
1436961733.403773,,good,Pot,,
1436961745.416326,,good,Pot,,
1436961756.841664,,good,Pot,,
1436961763.457935,,good,Pot,,
1436961778.504514,,good,Pot,,
1436961785.711801,,good,Pot,,
1436961788.109372,,good,Pot,,
1436961793.531174,,good,Pot,,
1436961798.939059,,good,Pot,,
1436961807.357244,,good,Pot,,
1436961829.011248,,good,Pot,,
1436961830.217112,,good,Pot,,
1436961831.423915,,good,Pot,,
1436961832.629228,,good,Pot,,
1436961837.43785,,good,Pot,,
1436961838.636898,,good,Pot,,
1436961839.242166,,good,Pot,,
1436961844.063586,,good,Pot,,
1436961848.886051,,good,Pot,,
1436961853.698322,,good,Pot,,
1436961863.322738,,good,Pot,,
1436961870.541804,,good,Pot,,
1436961878.369326,,good,Pot,,
1436961882.579877,,good,Pot,,
1436961895.824126,,good,Pot,,
1436961901.223046,,good,Pot,,
1436961919.297346,,good,Pot,,
1436961921.110149,,good,Pot,,
1436961939.759785,,good,Pot,,
1436961947.576368,,good,Pot,,
1436961952.390839,,good,Pot,,
1436961953.599447,,good,Pot,,
1436961954.799618,,good,Pot,,
1436961957.797749,,good,Pot,,
1436961962.007144,,good,Pot,,
1436961968.626796,,good,Pot,,
1436961974.669896,,good,Pot,,
1436961978.876902,,good,Pot,,
1436961988.499387,,good,Pot,,
1436961995.730673,,good,Pot,,
1436961998.749315,,good,Pot,,
1436962005.964997,,good,Pot,,
1436962018.830887,,good,Pot,,
1436962025.451824,,good,Pot,,
1436962027.859273,,good,Pot,,
1436962030.867498,,good,Pot,,
1436962033.876791,,good,Pot,,
1436962035.685153,,good,Pot,,
1436962065.179799,,good,Pot,,
1436962074.799937,,good,Pot,,
1436962076.011085,,good,Pot,,
1436962079.019837,,good,Pot,,
1436962091.064627,,good,Pot,,
1436962102.488785,,good,Pot,,
1436962104.293765,,good,Pot,,
1436962107.301974,,good,Pot,,
1436962124.753603,,good,Pot,,
1436962125.352284,,good,Pot,,
1436962125.955265,,good,Pot,,
1436962128.368037,,good,Pot,,
1436962137.982316,,good,Pot,,
1436962145.795871,,good,Pot,,
1436962147.005844,,good,Pot,,
1436962150.010655,,good,Pot,,
1436962155.414273,,good,Pot,,
1436962169.254759,,good,Pot,,
1436962187.301773,,good,Pot,,
1436962198.71665,,good,Pot,,
1436962200.514719,,good,Pot,,
1436962202.319773,,good,Pot,,
1436962207.119095,,good,Pot,,
1436962219.1366,,good,Pot,,
1436962219.741527,,good,Pot,,
1436962229.966175,,good,Pot,,
1436962239.587273,,good,Pot,,
1436962240.794438,,good,Pot,,
1436962244.408604,,good,Pot,,
1436962245.617958,,good,Pot,,
1436962246.218345,,good,Pot,,
1436962252.821541,,good,Pot,,
1436962274.514305,,good,Pot,,
1436962278.114448,,good,Pot,,
1436962279.918747,,good,Pot,,
1436962283.534539,,good,Pot,,
1436962285.94276,,good,Pot,,
1436962299.192541,,good,Pot,,
1436962302.811492,,good,Pot,,
1436962314.833691,,good,Pot,,
1436962318.445539,,good,Pot,,
1436962320.253884,,good,Pot,,
1436962333.487833,,good,Pot,,
1436962335.904009,,good,Pot,,
1436962336.507373,,good,Pot,,
1436962341.927262,,good,Pot,,
1436962344.330113,,good,Pot,,
1436962363.575249,,good,Pot,,
1436962368.993371,,good,Pot,,
1436962378.616019,,good,Pot,,
1436962384.044328,,good,Pot,,
1436962384.645266,,good,Pot,,
1436962386.445769,,good,Pot,,
1436962392.448444,,good,Pot,,
1436962393.047586,,good,Pot,,
1436962399.049575,,good,Pot,,
1436962406.259696,,good,Pot,,
1436962410.47231,,good,Pot,,
1436962412.879496,,good,Pot,,
1436962418.282304,,good,Pot,,
1436962427.333882,,good,Pot,,
1436962429.747258,,good,Pot,,
1436962430.952362,,good,Pot,,
1436962444.807244,,good,Pot,,
1436962445.409751,,good,Pot,,
1436962458.042467,,good,Pot,,
1436962475.493731,,good,Pot,,
1436962481.527768,,good,Pot,,
1436962482.729151,,good,Pot,,
1436962488.732227,,good,Pot,,
1436962500.170005,,good,Pot,,
1436962502.574558,,good,Pot,,
1436962509.187852,,good,Pot,,
1436962516.424834,,good,Pot,,
1436962519.422977,,good,Pot,,
1436962521.214196,,good,Pot,,
1436962522.418528,,good,Pot,,
1436962523.622053,,good,Pot,,
1436962529.642375,,good,Pot,,
1436962533.856486,,good,Pot,,
1436962555.507523,,good,Pot,,
1436962558.503642,,good,Pot,,
1436962562.710582,,good,Pot,,
1436962569.325236,,good,Pot,,
1436962573.534413,,good,Pot,,
1436962589.77422,,good,Pot,,
1436962593.991111,,good,Pot,,
1436962597.596116,,good,Pot,,
1436962600.590016,,good,Pot,,
1436962604.793539,,good,Pot,,
1436962610.805507,,good,Pot,,
1436962613.212945,,good,Pot,,
1436962615.013304,,good,Pot,,
1436962620.440142,,good,Pot,,
1436962621.646196,,good,Pot,,
1436962640.276634,,good,Pot,,
1436962644.483447,,good,Pot,,
1436962651.710753,,good,Pot,,
1436962654.717569,,good,Pot,,
1436962661.337317,,good,Pot,,
1436962677.564316,,good,Pot,,
1436962678.164285,,good,Pot,,
1436962678.760276,,good,Pot,,
1436962679.36101,,good,Pot,,
1436962695.608623,,good,Pot,,
1436962701.026381,,good,Pot,,
1436962705.839288,,good,Pot,,
1436962710.043289,,good,Pot,,
1436962711.247294,,good,Pot,,
1436962716.6746,,good,Pot,,
1436962717.876451,,good,Pot,,
1436962722.681755,,good,Pot,,
1436962733.506197,,good,Pot,,
1436962738.934078,,good,Pot,,
1436962743.745598,,good,Pot,,
1436962745.544361,,good,Pot,,
1436962746.14712,,good,Pot,,
1436962747.355464,,good,Pot,,
1436962753.985284,,good,Pot,,
1436962754.584785,,good,Pot,,
1436962766.634458,,good,Pot,,
1436962767.235884,,good,Pot,,
1436962781.064506,,good,Pot,,
1436962793.708559,,good,Pot,,
1436962797.324691,,good,Pot,,
1436962805.160962,,good,Pot,,
1436962814.768405,,good,Pot,,
1436962824.398324,,good,Pot,,
1436962840.646218,,good,Pot,,
1436962842.454203,,good,Pot,,
1436962865.338876,,good,Pot,,
1436962868.957077,,good,Pot,,
1436962870.163464,,good,Pot,,
1436962887.013857,,good,Pot,,
1436962893.642038,,good,Pot,,
1436962902.663203,,good,Pot,,
1436962903.265418,,good,Pot,,
1436962905.678109,,good,Pot,,
1436962908.680927,,good,Pot,,
1436962911.095436,,good,Pot,,
1436962920.718739,,good,Pot,,
1436962925.530693,,good,Pot,,
1436962930.954775,,good,Pot,,
1436962934.561481,,good,Pot,,
1436962939.973087,,good,Pot,,
1436962941.176601,,good,Pot,,
1436962945.376699,,good,Pot,,
1436962947.79128,,good,Pot,,
1436962950.203182,,good,Pot,,
1436962955.013127,,good,Pot,,
1436962967.657931,,good,Pot,,
1436962974.262672,,good,Pot,,
1436962977.867362,,good,Pot,,
1436962979.062111,,good,Pot,,
1436962987.494019,,good,Pot,,
1436962991.11153,,good,Pot,,
1436962992.318686,,good,Pot,,
1436962997.727956,,good,Pot,,
1436963004.963996,,good,Pot,,
1436963008.578001,,good,Pot,,
1436963009.176745,,good,Pot,,
1436963010.38137,,good,Pot,,
1436963021.865574,,good,Pot,,
1436963039.90764,,good,Pot,,
1436963041.111732,,good,Pot,,
1436963041.712131,,good,Pot,,
1436963045.326172,,good,Pot,,
1436963048.342991,,good,Pot,,
1436963062.164521,,good,Pot,,
1436963065.775522,,good,Pot,,
1436963070.580887,,good,Pot,,
1436963073.593394,,good,Pot,,
1436963079.617845,,good,Pot,,
1436963081.425382,,good,Pot,,
1436963082.024305,,good,Pot,,
1436963101.269011,,good,Pot,,
1436963115.720593,,good,Pot,,
1436963116.320669,,good,Pot,,
1436963118.730987,,good,Pot,,
1436963121.142911,,good,Pot,,
1436963124.155967,,good,Pot,,
1436963128.365059,,good,Pot,,
1436963130.770982,,good,Pot,,
1436963133.175369,,good,Pot,,
1436963139.179669,,good,Pot,,
1436963148.838432,,good,Pot,,
1436963149.439987,,good,Pot,,
1436963151.240633,,good,Pot,,
1436963162.676892,,good,Pot,,
1436963168.080626,,good,Pot,,
1436963177.11643,,good,Pot,,
1436963219.212013,,good,Pot,,
1436963221.617354,,good,Pot,,
1436963224.629441,,good,Pot,,
1436963228.836537,,good,Pot,,
1436963244.464508,,good,Pot,,
1436963253.500279,,good,Pot,,
1436963255.894504,,good,Pot,,
1436963262.502156,,good,Pot,,
1436963271.532202,,good,Pot,,
1436963286.619351,,good,Pot,,
1436963296.230265,,good,Pot,,
1436963304.630218,,good,Pot,,
1436963305.230234,,good,Pot,,
1436963307.629328,,good,Pot,,
1436963314.84339,,good,Pot,,
1436963324.45377,,good,Pot,,
1436963331.060941,,good,Pot,,
1436963332.267033,,good,Pot,,
1436963339.48973,,good,Pot,,
1436963356.319684,,good,Pot,,
1436963362.337125,,good,Pot,,
1436963365.95353,,good,Pot,,
1436963368.964536,,good,Pot,,
1436963372.581884,,good,Pot,,
1436963374.392652,,good,Pot,,
1436963379.816655,,good,Pot,,
1436963385.831311,,good,Pot,,
1436963387.634002,,good,Pot,,
1436963396.665262,,good,Pot,,
1436963397.264867,,good,Pot,,
1436963406.280772,,good,Pot,,
1436963411.698027,,good,Pot,,
1436963417.710855,,good,Pot,,
1436963433.365045,,good,Pot,,
1436963438.777506,,good,Pot,,
1436963448.426179,,good,Pot,,
1436963453.28283,,good,Pot,,
1436963464.123159,,good,Pot,,
1436963465.949934,,good,Pot,,
1436963481.009232,,good,Pot,,
1436963481.609414,,good,Pot,,
1436963487.026718,,good,Pot,,
1436963499.034936,,good,Pot,,
1436963508.056725,,good,Pot,,
1436963509.85269,,good,Pot,,
1436963510.451629,,good,Pot,,
1436963512.89379,,good,Pot,,
1436963517.076705,,good,Pot,,
1436963522.468004,,good,Pot,,
1436963529.688996,,good,Pot,,
1436963538.110871,,good,Pot,,
1436963538.711173,,good,Pot,,
1436963541.7103,,good,Pot,,
1436963542.308717,,good,Pot,,
1436963546.513691,,good,Pot,,
1436963548.319344,,good,Pot,,
1436963548.918625,,good,Pot,,
1436963551.925021,,good,Pot,,
1436963566.978652,,good,Pot,,
1436963569.384468,,good,Pot,,
1436963574.179441,,good,Pot,,
1436963580.793516,,good,Pot,,
1436963581.99634,,good,Pot,,
1436963583.196789,,good,Pot,,
1436963587.429417,,good,Pot,,
1436963600.07585,,good,Pot,,
1436963601.274096,,good,Pot,,
1436963606.100033,,good,Pot,,
1436963607.907368,,good,Pot,,
1436963616.922718,,good,Pot,,
1436963618.73017,,good,Pot,,
1436963625.335131,,good,Pot,,
1436963635.564117,,good,Pot,,
1436963649.395511,,good,Pot,,
1436963651.796574,,good,Pot,,
1436963658.399769,,good,Pot,,
1436963665.021056,,good,Pot,,
1436963683.655342,,good,Pot,,
1436963684.857113,,good,Pot,,
1436963686.058114,,good,Pot,,
1436963697.479468,,good,Pot,,
1436963701.086793,,good,Pot,,
1436963713.738134,,good,Pot,,
1436963716.145614,,good,Pot,,
1436963719.145767,,good,Pot,,
1436963719.747204,,good,Pot,,
1436963722.154777,,good,Pot,,
1436963745.022608,,good,Pot,,
1436963749.83025,,good,Pot,,
1436963752.245125,,good,Pot,,
1436963755.86105,,good,Pot,,
1436963758.265449,,good,Pot,,
1436963780.547499,,good,Pot,,
1436963788.966817,,good,Pot,,
1436963790.162649,,good,Pot,,
1436963793.770946,,good,Pot,,
1436963811.213061,,good,Pot,,
1436963817.832697,,good,Pot,,
1436963824.44407,,good,Pot,,
1436963829.242588,,good,Pot,,
1436963830.44663,,good,Pot,,
1436963841.264544,,good,Pot,,
1436963849.686574,,good,Pot,,
1436963868.929481,,good,Pot,,
1436963873.138208,,good,Pot,,
1436963879.159734,,good,Pot,,
1436963901.410006,,good,Pot,,
1436963919.458513,,good,Pot,,
1436963925.471121,,good,Pot,,
1436963930.295108,,good,Pot,,
1436963933.311092,,good,Pot,,
1436963946.264112,,good,Pot,,
1436963952.320723,,good,Pot,,
1436963984.572979,,good,Pot,,
1436963985.779016,,good,Pot,,
1436963991.212319,,good,Pot,,
1436963993.618088,,good,Pot,,
1436963995.427213,,good,Pot,,
1436964002.07738,,good,Pot,,
1436964007.481793,,good,Pot,,
1436964014.705842,,good,Pot,,
1436964025.523865,,good,Pot,,
1436964027.327885,,good,Pot,,
1436964027.929652,,good,Pot,,
1436964031.527559,,good,Pot,,
1436964038.73777,,good,Pot,,
1436964045.358694,,good,Pot,,
1436964049.554177,,good,Pot,,
1436964057.983191,,good,Pot,,
1436964059.183597,,good,Pot,,
1436964063.379833,,good,Pot,,
1436964073.58955,,good,Pot,,
1436964083.238625,,good,Pot,,
1436964088.046766,,good,Pot,,
1436964089.245976,,good,Pot,,
1436964089.84791,,good,Pot,,
1436964124.780845,,good,Pot,,
1436964128.392287,,good,Pot,,
1436964130.79514,,good,Pot,,
1436964143.843244,,good,Pot,,
1436964164.309366,,good,Pot,,
1436964164.912459,,good,Pot,,
1436964170.329207,,good,Pot,,
1436964172.731791,,good,Pot,,
1436964192.562551,,good,Pot,,
1436964193.765776,,good,Pot,,
1436964197.968235,,good,Pot,,
1436964200.378314,,good,Pot,,
1436964208.804892,,good,Pot,,
1436964213.180537,1436964213.639666,bad,Bin,,
1436964213.996278,1436964214.224793,bad,Bin,,
1436964214.62299,1436964214.906278,bad,Bin,,
1436964215.288418,1436964215.470189,bad,Bin,,
1436964215.869006,1436964216.003806,good,Bin,,
1436964216.350574,1436964216.716102,bad,Bin,,
1436964217.098306,1436964217.247791,bad,Bin,,
1436964217.630467,1436964217.827462,bad,Bin,,
1436964218.161784,1436964218.17843,bad,Bin,,
1436964218.558835,1436964218.724486,bad,Bin,,
1436964219.106086,1436964219.157009,bad,Bin,,
1436964219.507162,1436964219.590135,good,Bin,,
1436964219.936735,1436964219.972213,bad,Bin,,
1436964220.35368,1436964220.370818,bad,Bin,,
1436964220.768696,1436964220.801223,bad,Bin,,
1436964221.166951,1436964221.316872,bad,Bin,,
1436964221.698027,1436964221.864084,bad,Bin,,
1436964222.244671,1436964222.344397,bad,Bin,,
1436964222.726678,1436964222.826456,bad,Bin,,
1436964223.207474,1436964223.224627,bad,Bin,,
1436964223.558308,1436964223.57551,bad,Bin,,
1436964223.972686,1436964224.320492,bad,Bin,,
1436964224.689421,1436964224.802275,bad,Bin,,
1436964225.182982,1436964225.26989,good,Bin,,
1436964227.905967,,good,Pot,,
1436964228.371261,,good,Pot,,
1436964230.762764,,good,Pot,,
1436964234.350107,,good,Pot,,
1436964245.706586,,good,Pot,,
1436964249.893548,,good,Pot,,
1436964255.275341,,good,Pot,,
1436964268.073753,,good,Pot,,
1436964269.270644,,good,Pot,,
1436964270.464026,,good,Pot,,
1436964272.256981,,good,Pot,,
1436964272.854952,,good,Pot,,
1436964274.649847,,good,Pot,,
1436964281.823172,,good,Pot,,
1436964284.215632,,good,Pot,,
1436964291.387576,,good,Pot,,
1436964302.261799,,good,Pot,,
1436964304.671663,,good,Pot,,
1436964305.299962,,good,Pot,,
1436964307.690559,,good,Pot,,
1436964311.872482,,good,Pot,,
1436964315.459252,,good,Pot,,
1436964316.062854,,good,Pot,,
1436964317.270441,,good,Pot,,
1436964323.877579,,good,Pot,,
1436964324.475725,,good,Pot,,
1436964328.11211,,good,Pot,,
1436964329.915728,,good,Pot,,
1436964332.315002,,good,Pot,,
1436964338.324523,,good,Pot,,
1436964346.424146,,good,Pot,,
1436964348.239957,,good,Pot,,
1436964355.058232,,good,Pot,,
1436964356.266837,,good,Pot,,
1436964364.778317,,good,Pot,,
1436964372.148364,,good,Pot,,
1436964372.81175,,good,Pot,,
1436964374.358819,,good,Pot,,
1436964403.053489,,good,Pot,,
1436964404.265673,,good,Pot,,
1436964412.108926,,good,Pot,,
1436964419.922926,,good,Pot,,
1436964430.227635,,good,Pot,,
1436964448.888175,,good,Pot,,
1436964451.937048,,good,Pot,,
1436964455.54408,,good,Pot,,
1436964457.346608,,good,Pot,,
1436964459.761285,,good,Pot,,
1436964460.363201,,good,Pot,,
1436964461.572008,,good,Pot,,
1436964476.025378,,good,Pot,,
1436964486.887145,,good,Pot,,
1436964488.089871,,good,Pot,,
1436964488.693925,,good,Pot,,
1436964489.293499,,good,Pot,,
1436964492.321312,,good,Pot,,
1436964497.14755,,good,Pot,,
1436964497.752953,,good,Pot,,
1436964501.373645,,good,Pot,,
1436964501.971844,,good,Pot,,
1436964505.58325,,good,Pot,,
1436964507.39391,,good,Pot,,
1436964514.611285,,good,Pot,,
1436964516.41633,,good,Pot,,
1436964524.245856,,good,Pot,,
1436964525.479479,,good,Pot,,
1436964527.871682,,good,Pot,,
1436964529.069168,,good,Pot,,
1436964535.69074,,good,Pot,,
1436964539.293705,,good,Pot,,
1436964542.904825,,good,Pot,,
1436964551.363887,,good,Pot,,
1436964564.58663,,good,Pot,,
1436964569.391458,,good,Pot,,
1436964573.615045,,good,Pot,,
1436964576.654654,,good,Pot,,
1436964580.283454,,good,Pot,,
1436964586.918277,,good,Pot,,
1436964595.94842,,good,Pot,,
1436964596.54624,,good,Pot,,
1436964613.437435,,good,Pot,,
1436964615.850902,,good,Pot,,
1436964620.056882,,good,Pot,,
1436964631.487016,,good,Pot,,
1436964632.089756,,good,Pot,,
1436964641.09179,,good,Pot,,
1436964651.307103,,good,Pot,,
1436964653.117766,,good,Pot,,
1436964653.718161,,good,Pot,,
1436964655.516685,,good,Pot,,
1436964662.14962,,good,Pot,,
1436964671.170804,,good,Pot,,
1436964671.776386,,good,Pot,,
1436964675.383922,,good,Pot,,
1436964679.597449,,good,Pot,,
1436964683.192331,,good,Pot,,
1436964689.245993,,good,Pot,,
1436964703.745234,,good,Pot,,
1436964715.183044,,good,Pot,,
1436964716.988179,,good,Pot,,
1436964727.852226,,good,Pot,,
1436964730.258571,,good,Pot,,
1436964733.884077,,good,Pot,,
1436964748.319014,,good,Pot,,
1436964759.22913,,good,Pot,,
1436964768.258783,,good,Pot,,
1436964769.45982,,good,Pot,,
1436964776.071335,,good,Pot,,
1436964799.603627,,good,Pot,,
1436964804.441838,,good,Pot,,
1436964808.674929,,good,Pot,,
1436964812.293034,,good,Pot,,
1436964824.948838,,good,Pot,,
1436964826.152554,,good,Pot,,
1436964830.364466,,good,Pot,,
1436964831.562331,,good,Pot,,
1436964834.57888,,good,Pot,,
1436964847.842371,,good,Pot,,
1436964854.44193,,good,Pot,,
1436964867.694012,,good,Pot,,
1436964869.494908,,good,Pot,,
1436964871.39369,,good,Pot,,
1436964881.124684,,good,Pot,,
1436964888.942866,,good,Pot,,
1436964891.982878,,good,Pot,,
1436964893.782407,,good,Pot,,
1436964897.439818,,good,Pot,,
1436964900.474208,,good,Pot,,
1436964902.288998,,good,Pot,,
1436964902.894012,,good,Pot,,
1436964907.139888,,good,Pot,,
1436964909.825999,,good,Pot,,
1436964923.206912,,good,Pot,,
1436964926.848231,,good,Pot,,
1436964935.419823,,good,Pot,,
1436964937.255708,,good,Pot,,
1436964943.961168,,good,Pot,,
1436964946.969198,,good,Pot,,
1436964949.98847,,good,Pot,,
1436964979.020491,,good,Pot,,
1436964983.332139,,good,Pot,,
1436964992.372145,,good,Pot,,
1436964994.791929,,good,Pot,,
1436964996.592451,,good,Pot,,
1436965003.235252,,good,Pot,,
1436965014.13325,,good,Pot,,
1436965021.550231,,good,Pot,,
1436965034.308744,,good,Pot,,
1436965038.019965,,good,Pot,,
1436965059.206574,,good,Pot,,
1436965063.432463,,good,Pot,,
1436965070.664456,,good,Pot,,
1436965071.265736,,good,Pot,,
1436965088.09183,,good,Pot,,
1436965093.49117,,good,Pot,,
1436965107.374902,,good,Pot,,
1436965108.577777,,good,Pot,,
1436965112.79046,,good,Pot,,
1436965115.188507,,good,Pot,,
1436965141.175878,,good,Pot,,
1436965147.780231,,good,Pot,,
1436965158.011833,,good,Pot,,
1436965159.815687,,good,Pot,,
1436965161.014341,,good,Pot,,
1436965162.224187,,good,Pot,,
1436965175.035077,,good,Pot,,
1436965181.10122,,good,Pot,,
1436965188.326635,,good,Pot,,
1436965203.426433,,good,Pot,,
1436965232.367699,,good,Pot,,
1436965234.180569,,good,Pot,,
1436965235.985094,,good,Pot,,
1436965243.222868,,good,Pot,,
1436965246.242589,,good,Pot,,
1436965251.65955,,good,Pot,,
1436965252.857618,,good,Pot,,
1436965256.478425,,good,Pot,,
1436965261.290331,,good,Pot,,
1436965262.490025,,good,Pot,,
1436965266.722252,,good,Pot,,
1436965275.163488,,good,Pot,,
1436965293.932094,,good,Pot,,
1436965294.550079,,good,Pot,,
1436965296.958188,,good,Pot,,
1436965302.391624,,good,Pot,,
1436965308.414215,,good,Pot,,
1436965309.61453,,good,Pot,,
1436965320.50068,,good,Pot,,
1436965327.711907,,good,Pot,,
1436965330.129289,,good,Pot,,
1436965344.62825,,good,Pot,,
1436965345.234144,,good,Pot,,
1436965362.134405,,good,Pot,,
1436965368.109815,,good,Pot,,
1436965374.144992,,good,Pot,,
1436965375.355806,,good,Pot,,
1436965376.556971,,good,Pot,,
1436965379.581574,,good,Pot,,
1436965380.185507,,good,Pot,,
1436965380.789684,,good,Pot,,
1436965381.391866,,good,Pot,,
1436965383.795332,,good,Pot,,
1436965384.396964,,good,Pot,,
1436965386.802951,,good,Pot,,
1436965387.407032,,good,Pot,,
1436965398.857284,,good,Pot,,
1436965399.457986,,good,Pot,,
1436965401.271992,,good,Pot,,
1436965411.504182,,good,Pot,,
1436965416.315279,,good,Pot,,
1436965421.141044,,good,Pot,,
1436965422.944055,,good,Pot,,
1436965424.143571,,good,Pot,,
1436965427.755156,,good,Pot,,
1436965428.354667,,good,Pot,,
1436965431.365941,,good,Pot,,
1436965432.588412,,good,Pot,,
1436965447.11082,,good,Pot,,
1436965450.155813,,good,Pot,,
1436965452.571953,,good,Pot,,
1436965456.774392,,good,Pot,,
1436965462.196256,,good,Pot,,
1436965462.796004,,good,Pot,,
1436965465.206497,,good,Pot,,
1436965465.807977,,good,Pot,,
1436965470.624574,,good,Pot,,
1436965471.22863,,good,Pot,,
1436965475.437316,,good,Pot,,
1436965485.681886,,good,Pot,,
1436965490.506213,,good,Pot,,
1436965494.73286,,good,Pot,,
1436965500.75909,,good,Pot,,
1436965510.428474,,good,Pot,,
1436965514.625092,,good,Pot,,
1436965520.02986,,good,Pot,,
1436965527.853912,,good,Pot,,
1436965529.656938,,good,Pot,,
1436965537.513785,,good,Pot,,
1436965541.105963,,good,Pot,,
1436965541.708873,,good,Pot,,
1436965543.519785,,good,Pot,,
1436965550.156726,,good,Pot,,
1436965563.437242,,good,Pot,,
1436965564.631641,,good,Pot,,
1436965574.855975,,good,Pot,,
1436965575.456739,,good,Pot,,
1436965578.455401,,good,Pot,,
1436965583.862468,,good,Pot,,
1436965588.09116,,good,Pot,,
1436965606.188747,,good,Pot,,
1436965621.277067,,good,Pot,,
1436965623.683986,,good,Pot,,
1436965634.534771,,good,Pot,,
1436965635.135038,,good,Pot,,
1436965641.762306,,good,Pot,,
1436965644.164198,,good,Pot,,
1436965644.762522,,good,Pot,,
1436965655.019388,,good,Pot,,
1436965660.418279,,good,Pot,,
1436965662.831433,,good,Pot,,
1436965671.909681,,good,Pot,,
1436965672.505732,,good,Pot,,
1436965677.313665,,good,Pot,,
1436965686.980558,,good,Pot,,
1436965689.986946,,good,Pot,,
1436965690.589237,,good,Pot,,
1436965700.210098,,good,Pot,,
1436965704.419153,,good,Pot,,
1436965706.226233,,good,Pot,,
1436965708.030203,,good,Pot,,
1436965712.851066,,good,Pot,,
1436965714.651983,,good,Pot,,
1436965720.075531,,good,Pot,,
1436965727.912637,,good,Pot,,
1436965734.536487,,good,Pot,,
1436965735.740603,,good,Pot,,
1436965738.149141,,good,Pot,,
1436965742.354598,,good,Pot,,
1436965742.959844,,good,Pot,,
1436965745.364432,,good,Pot,,
1436965750.784633,,good,Pot,,
1436965760.448102,,good,Pot,,
1436965764.062379,,good,Pot,,
1436965767.061261,,good,Pot,,
1436965767.664144,,good,Pot,,
1436965774.880729,,good,Pot,,
1436965782.113826,,good,Pot,,
1436965790.591624,,good,Pot,,
1436965795.402813,,good,Pot,,
1436965795.998836,,good,Pot,,
1436965797.805632,,good,Pot,,
1436965813.486368,,good,Pot,,
1436965825.60677,,good,Pot,,
1436965827.406816,,good,Pot,,
1436965828.011842,,good,Pot,,
1436965828.61581,,good,Pot,,
1436965830.422301,,good,Pot,,
1436965838.267295,,good,Pot,,
1436965844.265324,,good,Pot,,
1436965847.261752,,good,Pot,,
1436965849.061663,,good,Pot,,
1436965852.685151,,good,Pot,,
1436965857.48473,,good,Pot,,
1436965876.672022,,good,Pot,,
1436965879.68077,,good,Pot,,
1436965885.725842,,good,Pot,,
1436965904.373995,,good,Pot,,
1436965915.20372,,good,Pot,,
1436965920.678453,,good,Pot,,
1436965928.521621,,good,Pot,,
1436965937.602078,,good,Pot,,
1436965941.219244,,good,Pot,,
1436965943.010922,,good,Pot,,
1436965960.562686,,good,Pot,,
1436965983.446408,,good,Pot,,
1436965987.646423,,good,Pot,,
1436965988.243549,,good,Pot,,
1436965989.437861,,good,Pot,,
1436965990.636127,,good,Pot,,
1436966011.723282,,good,Pot,,
1436966014.728484,,good,Pot,,
1436966016.521017,,good,Pot,,
1436966018.315359,,good,Pot,,
1436966020.124157,,good,Pot,,
1436966021.926396,,good,Pot,,
1436966022.525988,,good,Pot,,
1436966027.330981,,good,Pot,,
1436966032.132772,,good,Pot,,
1436966046.575667,,good,Pot,,
1436966057.44289,,good,Pot,,
1436966061.056735,,good,Pot,,
1436966063.470534,,good,Pot,,
1436966066.474552,,good,Pot,,
1436966067.678799,,good,Pot,,
1436966091.21029,,good,Pot,,
1436966099.643171,,good,Pot,,
1436966103.892549,,good,Pot,,
1436966108.71868,,good,Pot,,
1436966114.735585,,good,Pot,,
1436966123.152934,,good,Pot,,
1436966129.182149,,good,Pot,,
1436966137.640645,,good,Pot,,
1436966142.453592,,good,Pot,,
1436966155.834778,,good,Pot,,
1436966158.875817,,good,Pot,,
1436966168.550028,,good,Pot,,
1436966169.146945,,good,Pot,,
1436966173.38495,,good,Pot,,
1436966179.408403,,good,Pot,,
1436966181.834854,,good,Pot,,
1436966187.261651,,good,Pot,,
1436966191.464264,,good,Pot,,
1436966193.885539,,good,Pot,,
1436966196.292841,,good,Pot,,
1436966204.121239,,good,Pot,,
1436966206.529324,,good,Pot,,
1436966212.577602,,good,Pot,,
1436966217.391567,,good,Pot,,
1436966220.401513,,good,Pot,,
1436966230.090104,,good,Pot,,
1436966232.516489,,good,Pot,,
1436966243.118532,,good,Pot,,
1436966245.58116,,good,Pot,,
1436966254.037677,,good,Pot,,
1436966267.863783,,good,Pot,,
1436966268.464341,,good,Pot,,
1436966276.939555,,good,Pot,,
1436966278.142761,,good,Pot,,
1436966278.749415,,good,Pot,,
1436966282.353537,,good,Pot,,
1436966283.549904,,good,Pot,,
1436966285.530081,,good,Pot,,
1436966294.729812,,good,Pot,,
1436966298.35374,,good,Pot,,
1436966299.562737,,good,Pot,,
1436966310.991288,,good,Pot,,
1436966312.811315,,good,Pot,,
1436966315.270583,,good,Pot,,
1436966319.516725,,good,Pot,,
1436966322.132228,,good,Pot,,
1436966330.969142,,good,Pot,,
1436966332.953559,,good,Pot,,
1436966336.218779,,good,Pot,,
1436966352.324423,,good,Pot,,
1436966360.922454,,good,Pot,,
1436966369.949567,,good,Pot,,
1436966371.154342,,good,Pot,,
1436966374.165477,,good,Pot,,
1436966380.176349,,good,Pot,,
1436966381.375442,,good,Pot,,
1436966381.976782,,good,Pot,,
1436966382.577595,,good,Pot,,
1436966384.974929,,good,Pot,,
1436966387.983741,,good,Pot,,
1436966389.781622,,good,Pot,,
1436966390.378456,,good,Pot,,
1436966393.383445,,good,Pot,,
1436966396.989932,,good,Pot,,
1436966413.22498,,good,Pot,,
1436966424.070883,,good,Pot,,
1436966427.074539,,good,Pot,,
1436966430.676882,,good,Pot,,
1436966441.511236,,good,Pot,,
1436966449.348622,,good,Pot,,
1436966450.552647,,good,Pot,,
1436966459.540396,,good,Pot,,
1436966460.143658,,good,Pot,,
1436966465.558772,,good,Pot,,
1436966475.245668,,good,Pot,,
1436966481.283949,,good,Pot,,
1436966483.691141,,good,Pot,,
1436966513.783885,,good,Pot,,
1436966525.216664,,good,Pot,,
1436966526.410684,,good,Pot,,
1436966536.035831,,good,Pot,,
1436966540.258356,,good,Pot,,
1436966543.258014,,good,Pot,,
1436966548.072684,,good,Pot,,
1436966549.275493,,good,Pot,,
1436966552.282345,,good,Pot,,
1436966561.908994,,good,Pot,,
1436966575.73221,,good,Pot,,
1436966585.960133,,good,Pot,,
1436966620.848332,,good,Pot,,
1436966625.069936,,good,Pot,,
1436966626.266453,,good,Pot,,
1436966629.264726,,good,Pot,,
1436966629.869564,,good,Pot,,
1436966630.469747,,good,Pot,,
1436966632.876776,,good,Pot,,
1436966635.877311,,good,Pot,,
1436966645.514425,,good,Pot,,
1436966649.72026,,good,Pot,,
1436966650.922284,,good,Pot,,
1436966652.123806,,good,Pot,,
1436966653.920508,,good,Pot,,
1436966655.728591,,good,Pot,,
1436966666.561934,,good,Pot,,
1436966668.968365,,good,Pot,,
1436966672.565954,,good,Pot,,
1436966675.575797,,good,Pot,,
1436966677.381012,,good,Pot,,
1436966679.177325,,good,Pot,,
1436966686.394602,,good,Pot,,
1436966688.206676,,good,Pot,,
1436966708.634036,,good,Pot,,
1436966709.23622,,good,Pot,,
1436966718.246573,,good,Pot,,
1436966719.44156,,good,Pot,,
1436966721.856476,,good,Pot,,
1436966726.052169,,good,Pot,,
1436966729.058454,,good,Pot,,
1436966736.261401,,good,Pot,,
1436966737.467448,,good,Pot,,
1436966747.080356,,good,Pot,,
1436966759.698172,,good,Pot,,
1436966760.897937,,good,Pot,,
1436966765.093441,,good,Pot,,
1436966766.297434,,good,Pot,,
1436966795.295531,,good,Pot,,
1436966806.127285,,good,Pot,,
1436966810.325622,,good,Pot,,
1436966821.236387,,good,Pot,,
1436966822.44607,,good,Pot,,
1436966829.659768,,good,Pot,,
1436966835.1515,,good,Pot,,
1436966835.747086,,good,Pot,,
1436966836.951651,,good,Pot,,
1436966838.159667,,good,Pot,,
1436966843.592339,,good,Pot,,
1436966845.393472,,good,Pot,,
1436966846.010554,,good,Pot,,
1436966857.433562,,good,Pot,,
1436966858.640526,,good,Pot,,
1436966866.44523,,good,Pot,,
1436966874.256219,,good,Pot,,
1436966879.058737,,good,Pot,,
1436966885.652355,,good,Pot,,
1436966887.457049,,good,Pot,,
1436966888.054698,,good,Pot,,
1436966897.071824,,good,Pot,,
1436966917.493995,,good,Pot,,
1436966924.139701,,good,Pot,,
1436966926.539443,,good,Pot,,
1436966927.736375,,good,Pot,,
1436966939.160565,,good,Pot,,
1436966940.965365,,good,Pot,,
1436966950.025716,,good,Pot,,
1436966951.839939,,good,Pot,,
1436966956.659491,,good,Pot,,
1436966963.872828,,good,Pot,,
1436966967.478559,,good,Pot,,
1436966968.083769,,good,Pot,,
1436966976.488263,,good,Pot,,
1436966977.090831,,good,Pot,,
1436966981.893892,,good,Pot,,
1436966983.097393,,good,Pot,,
1436967003.62351,,good,Pot,,
1436967004.226843,,good,Pot,,
1436967016.873779,,good,Pot,,
1436967032.531651,,good,Pot,,
1436967033.133605,,good,Pot,,
1436967042.752062,,good,Pot,,
1436967048.744135,,good,Pot,,
1436967067.377303,,good,Pot,,
1436967077.586203,,good,Pot,,
1436967078.792577,,good,Pot,,
1436967082.400104,,good,Pot,,
1436967087.195596,,good,Pot,,
1436967090.792965,,good,Pot,,
1436967092.599159,,good,Pot,,
1436967093.793801,,good,Pot,,
1436967096.789108,,good,Pot,,
1436967100.97779,,good,Pot,,
1436967116.010594,,good,Pot,,
1436967120.814846,,good,Pot,,
1436967123.816421,,good,Pot,,
1436967126.830515,,good,Pot,,
1436967128.03369,,good,Pot,,
1436967141.363226,,good,Pot,,
1436967142.570253,,good,Pot,,
1436967152.191047,,good,Pot,,
1436967154.604139,,good,Pot,,
1436967160.012283,,good,Pot,,
1436967161.214227,,good,Pot,,
1436967179.848862,,good,Pot,,
1436967186.454946,,good,Pot,,
1436967194.264988,,good,Pot,,
1436967199.079446,,good,Pot,,
1436967200.892894,,good,Pot,,
1436967201.491371,,good,Pot,,
1436967202.09162,,good,Pot,,
1436967209.291616,,good,Pot,,
1436967218.299593,,good,Pot,,
1436967218.899217,,good,Pot,,
1436967221.904195,,good,Pot,,
1436967229.106275,,good,Pot,,
1436967237.527378,,good,Pot,,
1436967240.527951,,good,Pot,,
1436967243.524017,,good,Pot,,
1436967246.526752,,good,Pot,,
1436967257.319863,,good,Pot,,
1436967268.108084,,good,Pot,,
1436967269.309797,,good,Pot,,
1436967269.909007,,good,Pot,,
1436967291.507512,,good,Pot,,
1436967295.702678,,good,Pot,,
1436967296.926277,,good,Pot,,
1436967301.129803,,good,Pot,,
1436967302.924847,,good,Pot,,
1436967320.328856,,good,Pot,,
1436967325.126674,,good,Pot,,
1436967338.350626,,good,Pot,,
1436967343.756974,,good,Pot,,
1436967347.978079,,good,Pot,,
1436967356.991157,,good,Pot,,
1436967358.193888,,good,Pot,,
1436967362.385097,,good,Pot,,
1436967365.392431,,good,Pot,,
1436967369.595565,,good,Pot,,
1436967377.376273,,good,Pot,,
1436967379.777982,,good,Pot,,
1436967385.781989,,good,Pot,,
1436967389.971716,,good,Pot,,
1436967400.178922,,good,Pot,,
1436967406.174337,,good,Pot,,
1436967410.376848,,good,Pot,,
1436967415.17295,,good,Pot,,
1436967420.580956,,good,Pot,,
1436967423.575496,,good,Pot,,
1436967425.377089,,good,Pot,,
1436967426.573102,,good,Pot,,
1436967427.175069,,good,Pot,,
1436967428.3905,,good,Pot,,
1436967432.030116,,good,Pot,,
1436967447.641204,,good,Pot,,
1436967452.455103,,good,Pot,,
1436967453.653943,,good,Pot,,
1436967460.858395,,good,Pot,,
1436967463.871816,,good,Pot,,
1436967471.084267,,good,Pot,,
1436967475.297129,,good,Pot,,
1436967475.898852,,good,Pot,,
1436967477.709625,,good,Pot,,
1436967487.307721,,good,Pot,,
1436967489.105953,,good,Pot,,
1436967505.902712,,good,Pot,,
1436967511.291489,,good,Pot,,
1436967513.107732,,good,Pot,,
1436967516.714502,,good,Pot,,
1436967531.712126,,good,Pot,,
1436967539.508516,,good,Pot,,
1436967547.308048,,good,Pot,,
1436967554.553667,,good,Pot,,
1436967556.950598,,good,Pot,,
1436967565.96816,,good,Pot,,
1436967574.944728,,good,Pot,,
1436967584.021565,,good,Pot,,
1436967599.052651,,good,Pot,,
1436967605.031742,,good,Pot,,
1436967614.028698,,good,Pot,,
1436967618.838119,,good,Pot,,
1436967621.85259,,good,Pot,,
1436967625.464956,,good,Pot,,
1436967630.262214,,good,Pot,,
1436967632.665018,,good,Pot,,
1436967642.883279,,good,Pot,,
1436967645.279448,,good,Pot,,
1436967654.893743,,good,Pot,,
1436967658.498019,,good,Pot,,
1436967665.115446,,good,Pot,,
1436967683.722044,,good,Pot,,
1436967686.735741,,good,Pot,,
1436967689.744213,,good,Pot,,
1436967697.550936,,good,Pot,,
1436967699.954243,,good,Pot,,
1436967715.582431,,good,Pot,,
1436967716.180221,,good,Pot,,
1436967717.984411,,good,Pot,,
1436967718.58027,,good,Pot,,
1436967732.394301,,good,Pot,,
1436967737.21823,,good,Pot,,
1436967738.426156,,good,Pot,,
1436967739.630649,,good,Pot,,
1436967747.436069,,good,Pot,,
1436967755.847433,,good,Pot,,
1436967757.647966,,good,Pot,,
1436967760.656062,,good,Pot,,
1436967766.061735,,good,Pot,,
1436967772.07595,,good,Pot,,
1436967790.723489,,good,Pot,,
1436967798.539741,,good,Pot,,
1436967799.141427,,good,Pot,,
1436967799.744164,,good,Pot,,
1436967801.547183,,good,Pot,,
1436967802.145789,,good,Pot,,
1436967804.546486,,good,Pot,,
1436967811.153615,,good,Pot,,
1436967814.764422,,good,Pot,,
1436967818.973833,,good,Pot,,
1436967822.583341,,good,Pot,,
1436967826.18208,,good,Pot,,
1436967840.608566,,good,Pot,,
1436967853.820781,,good,Pot,,
1436967858.02499,,good,Pot,,
1436967862.233386,,good,Pot,,
1436967864.630366,,good,Pot,,
1436967865.225589,,good,Pot,,
1436967871.236745,,good,Pot,,
1436967876.654697,,good,Pot,,
1436967880.863199,,good,Pot,,
1436967897.660589,,good,Pot,,
1436967900.058142,,good,Pot,,
1436967904.860635,,good,Pot,,
1436967921.657065,,good,Pot,,
1436967927.059597,,good,Pot,,
1436967933.06689,,good,Pot,,
1436967936.076386,,good,Pot,,
1436967937.285337,,good,Pot,,
1436967951.713238,,good,Pot,,
1436967960.132387,,good,Pot,,
1436967964.329867,,good,Pot,,
1436967980.551987,,good,Pot,,
1436967985.9708,,good,Pot,,
1436967994.968547,,good,Pot,,
1436967997.986738,,good,Pot,,
1436968005.194997,,good,Pot,,
1436968011.801446,,good,Pot,,
1436968024.577167,,good,Pot,,
1436968036.584083,,good,Pot,,
1436968041.392387,,good,Pot,,
1436968043.793411,,good,Pot,,
1436968048.605962,,good,Pot,,
1436968050.420162,,good,Pot,,
1436968060.639133,,good,Pot,,
1436968063.042193,,good,Pot,,
1436968065.444414,,good,Pot,,
1436968069.039727,,good,Pot,,
1436968073.850716,,good,Pot,,
1436968076.852693,,good,Pot,,
1436968081.055922,,good,Pot,,
1436968087.064278,,good,Pot,,
1436968098.4728,,good,Pot,,
1436968103.278334,,good,Pot,,
1436968115.896646,,good,Pot,,
1436968117.698118,,good,Pot,,
1436968120.706324,,good,Pot,,
1436968127.306155,,good,Pot,,
1436968164.548875,,good,Pot,,
1436968171.160143,,good,Pot,,
1436968176.587489,,good,Pot,,
1436968177.79238,,good,Pot,,
1436968181.397783,,good,Pot,,
1436968185.592485,,good,Pot,,
1436968191.003715,,good,Pot,,
1436968192.805195,,good,Pot,,
1436968200.616307,,good,Pot,,
1436968203.025163,,good,Pot,,
1436968207.844468,,good,Pot,,
1436968209.641039,,good,Pot,,
1436968219.241942,,good,Pot,,
1436968227.666741,,good,Pot,,
1436968229.478989,,good,Pot,,
1436968233.086594,,good,Pot,,
1436968236.087379,,good,Pot,,
1436968243.282052,,good,Pot,,
1436968254.110792,,good,Pot,,
1436968255.925452,,good,Pot,,
1436968268.536466,,good,Pot,,
1436968278.150505,,good,Pot,,
1436968279.959352,,good,Pot,,
1436968284.182752,,good,Pot,,
1436968285.383453,,good,Pot,,
1436968293.200834,,good,Pot,,
1436968311.815609,,good,Pot,,
1436968314.217621,,good,Pot,,
1436968319.626629,,good,Pot,,
1436968323.233838,,good,Pot,,
1436968329.840081,,good,Pot,,
1436968330.442664,,good,Pot,,
1436968331.64418,,good,Pot,,
1436968333.446419,,good,Pot,,
1436968335.850393,,good,Pot,,
1436968336.449418,,good,Pot,,
1436968340.655389,,good,Pot,,
1436968341.855969,,good,Pot,,
1436968349.663872,,good,Pot,,
1436968364.074216,,good,Pot,,
1436968364.672928,,good,Pot,,
1436968366.481858,,good,Pot,,
1436968369.476999,,good,Pot,,
1436968370.676669,,good,Pot,,
1436968382.080771,,good,Pot,,
1436968398.908233,,good,Pot,,
1436968402.510223,,good,Pot,,
1436968408.515248,,good,Pot,,
1436968419.94847,,good,Pot,,
1436968421.746074,,good,Pot,,
1436968424.150525,,good,Pot,,
1436968425.952146,,good,Pot,,
1436968429.558487,,good,Pot,,
1436968432.562616,,good,Pot,,
1436968433.161584,,good,Pot,,
1436968434.358184,,good,Pot,,
1436968436.757718,,good,Pot,,
1436968441.563257,,good,Pot,,
1436968443.375679,,good,Pot,,
1436968462.599538,,good,Pot,,
1436968466.214481,,good,Pot,,
1436968467.413465,,good,Pot,,
1436968468.613039,,good,Pot,,
1436968480.620298,,good,Pot,,
1436968493.231483,,good,Pot,,
1436968496.23688,,good,Pot,,
1436968499.842981,,good,Pot,,
1436968504.042237,,good,Pot,,
1436968504.643132,,good,Pot,,
1436968510.996105,,good,Pot,,
1436968523.630113,,good,Pot,,
1436968530.842652,,good,Pot,,
1436968532.046673,,good,Pot,,
1436968539.864414,,good,Pot,,
1436968541.659262,,good,Pot,,
1436968545.861909,,good,Pot,,
1436968578.870976,,good,Pot,,
1436968580.674113,,good,Pot,,
1436968584.885476,,good,Pot,,
1436968592.091499,,good,Pot,,
1436968605.907985,,good,Pot,,
1436968613.712532,,good,Pot,,
1436968620.91242,,good,Pot,,
1436968622.71862,,good,Pot,,
1436968626.331995,,good,Pot,,
1436968631.723015,,good,Pot,,
1436968632.325033,,good,Pot,,
1436968635.92479,,good,Pot,,
1436968640.730016,,good,Pot,,
1436968641.931912,,good,Pot,,
1436968647.935287,,good,Pot,,
1436968656.355945,,good,Pot,,
1436968671.996077,,good,Pot,,
1436968677.397541,,good,Pot,,
1436968678.598413,,good,Pot,,
1436968692.422176,,good,Pot,,
1436968697.229515,,good,Pot,,
1436968702.624605,,good,Pot,,
1436968703.230742,,good,Pot,,
1436968717.042456,,good,Pot,,
1436968718.251616,,good,Pot,,
1436968720.654769,,good,Pot,,
1436968721.255173,,good,Pot,,
1436968722.457067,,good,Pot,,
1436968724.260025,,good,Pot,,
1436968727.265092,,good,Pot,,
1436968736.862285,,good,Pot,,
1436968738.060253,,good,Pot,,
1436968742.864381,,good,Pot,,
1436968744.670245,,good,Pot,,
1436968745.877912,,good,Pot,,
1436968754.898039,,good,Pot,,
1436968759.711162,,good,Pot,,
1436968762.710844,,good,Pot,,
1436968763.903718,,good,Pot,,
1436968767.514247,,good,Pot,,
1436968786.743949,,good,Pot,,
1436968792.746368,,good,Pot,,
1436968799.948096,,good,Pot,,
1436968804.145674,,good,Pot,,
1436968804.74651,,good,Pot,,
1436968811.962344,,good,Pot,,
1436968814.97823,,good,Pot,,
1436968815.578484,,good,Pot,,
1436968817.981629,,good,Pot,,
1436968828.812377,,good,Pot,,
1436968834.219461,,good,Pot,,
1436968846.842121,,good,Pot,,
1436968849.247659,,good,Pot,,
1436968850.442584,,good,Pot,,
1436968851.038941,,good,Pot,,
1436968853.442579,,good,Pot,,
1436968862.452708,,good,Pot,,
1436968867.845679,,good,Pot,,
1436968873.843732,,good,Pot,,
1436968876.245645,,good,Pot,,
1436968885.840116,,good,Pot,,
1436968888.23977,,good,Pot,,
1436968891.863044,,good,Pot,,
1436968900.276032,,good,Pot,,
1436968903.271296,,good,Pot,,
1436968904.478513,,good,Pot,,
1436968905.080026,,good,Pot,,
1436968915.888262,,good,Pot,,
1436968924.30488,,good,Pot,,
1436968927.909961,,good,Pot,,
1436968930.315867,,good,Pot,,
1436968944.748484,,good,Pot,,
1436968950.159816,,good,Pot,,
1436968950.762094,,good,Pot,,
1436968953.164496,,good,Pot,,
1436968955.897681,,good,Pot,,
1436968958.303114,,good,Pot,,
1436968960.711833,,good,Pot,,
1436968964.322317,,good,Pot,,
1436968966.120959,,good,Pot,,
1436968968.522484,,good,Pot,,
1436968973.32101,,good,Pot,,
1436968975.726485,,good,Pot,,
1436968983.54513,,good,Pot,,
1436968985.354092,,good,Pot,,
1436968987.158487,,good,Pot,,
1436969005.784424,,good,Pot,,
1436969023.814388,,good,Pot,,
1436969024.414842,,good,Pot,,
1436969035.235835,,good,Pot,,
1436969040.026008,,good,Pot,,
1436969047.846397,,good,Pot,,
1436969064.080404,,good,Pot,,
1436969066.487931,,good,Pot,,
1436969070.685375,,good,Pot,,
1436969073.081234,,good,Pot,,
1436969075.477365,,good,Pot,,
1436969079.700352,,good,Pot,,
1436969080.302579,,good,Pot,,
1436969081.506505,,good,Pot,,
1436969083.309676,,good,Pot,,
1436969095.958731,,good,Pot,,
1436969101.963555,,good,Pot,,
1436969106.161837,,good,Pot,,
1436969119.960246,,good,Pot,,
1436969120.558053,,good,Pot,,
1436969125.361669,,good,Pot,,
1436969126.565126,,good,Pot,,
1436969133.169084,,good,Pot,,
1436969133.770315,,good,Pot,,
1436969152.37655,,good,Pot,,
1436969159.591607,,good,Pot,,
1436969161.398866,,good,Pot,,
1436969163.802062,,good,Pot,,
1436969164.404999,,good,Pot,,
1436969168.007946,,good,Pot,,
1436969171.008597,,good,Pot,,
1436969186.023975,,good,Pot,,
1436969187.827003,,good,Pot,,
1436969191.442483,,good,Pot,,
1436969197.457939,,good,Pot,,
1436969199.263423,,good,Pot,,
1436969202.87151,,good,Pot,,
1436969204.68008,,good,Pot,,
1436969211.354921,,good,Pot,,
1436969213.291915,,good,Pot,,
1436969216.30345,,good,Pot,,
1436969218.109536,,good,Pot,,
1436969221.114933,,good,Pot,,
1436969221.713138,,good,Pot,,
1436969224.116525,,good,Pot,,
1436969236.745348,,good,Pot,,
1436969237.344891,,good,Pot,,
1436969239.756433,,good,Pot,,
1436969241.561481,,good,Pot,,
1436969248.171451,,good,Pot,,
1436969249.97432,,good,Pot,,
1436969251.771263,,good,Pot,,
1436969256.574885,,good,Pot,,
1436969257.176763,,good,Pot,,
1436969273.37493,,good,Pot,,
1436969278.17508,,good,Pot,,
1436969293.772639,,good,Pot,,
1436969306.389772,,good,Pot,,
1436969315.997507,,good,Pot,,
1436969319.00293,,good,Pot,,
1436969319.605869,,good,Pot,,
1436969328.624738,,good,Pot,,
1436969330.428695,,good,Pot,,
1436969347.23885,,good,Pot,,
1436969361.060084,,good,Pot,,
1436969370.072509,,good,Pot,,
1436969373.073641,,good,Pot,,
1436969376.685178,,good,Pot,,
1436969391.095413,,good,Pot,,
1436969393.495725,,good,Pot,,
1436969394.695278,,good,Pot,,
1436969395.294076,,good,Pot,,
1436969398.291858,,good,Pot,,
1436969398.892559,,good,Pot,,
1436969400.086324,,good,Pot,,
1436969400.690073,,good,Pot,,
1436969401.892024,,good,Pot,,
1436969411.524217,,good,Pot,,
1436969419.34045,,good,Pot,,
1436969421.144909,,good,Pot,,
1436969424.749002,,good,Pot,,
1436969430.74701,,good,Pot,,
1436969436.752239,,good,Pot,,
1436969437.351836,,good,Pot,,
1436969440.963152,,good,Pot,,
1436969445.180591,,good,Pot,,
1436969452.3855,,good,Pot,,
1436969454.782331,,good,Pot,,
1436969458.383741,,good,Pot,,
1436969461.99689,,good,Pot,,
1436969462.596577,,good,Pot,,
1436969478.826922,,good,Pot,,
1436969480.634202,,good,Pot,,
1436969495.637703,,good,Pot,,
1436969499.85358,,good,Pot,,
1436969501.652559,,good,Pot,,
1436969506.472901,,good,Pot,,
1436969517.88096,,good,Pot,,
1436969518.479448,,good,Pot,,
1436969520.279171,,good,Pot,,
1436969541.322409,,good,Pot,,
1436969550.941096,,good,Pot,,
1436969556.356451,,good,Pot,,
1436969557.561899,,good,Pot,,
1436969564.765541,,good,Pot,,
1436969572.5663,,good,Pot,,
1436969592.405884,,good,Pot,,
1436969593.007762,,good,Pot,,
1436969598.407055,,good,Pot,,
1436969601.417964,,good,Pot,,
1436969604.419523,,good,Pot,,
1436969605.623057,,good,Pot,,
1436969610.429683,,good,Pot,,
1436969617.031531,,good,Pot,,
1436969632.041552,,good,Pot,,
1436969634.448939,,good,Pot,,
1436969636.845025,,good,Pot,,
1436969651.241246,,good,Pot,,
1436969657.253331,,good,Pot,,
1436969666.271672,,good,Pot,,
1436969666.873094,,good,Pot,,
1436969675.872225,,good,Pot,,
1436969686.091246,,good,Pot,,
1436969699.33575,,good,Pot,,
1436969708.362129,,good,Pot,,
1436969710.751269,,good,Pot,,
1436969729.372068,,good,Pot,,
1436969737.176005,,good,Pot,,
1436969741.978599,,good,Pot,,
1436969744.979535,,good,Pot,,
1436969747.375083,,good,Pot,,
1436969749.780304,,good,Pot,,
1436969756.394007,,good,Pot,,
1436969769.030246,,good,Pot,,
1436969776.224583,,good,Pot,,
1436969778.032244,,good,Pot,,
1436969789.468119,,good,Pot,,
1436969802.089281,,good,Pot,,
1436969804.489188,,good,Pot,,
1436969814.104069,,good,Pot,,
1436969818.316815,,good,Pot,,
1436969821.316963,,good,Pot,,
1436969822.517115,,good,Pot,,
1436969826.735406,,good,Pot,,
1436969827.338575,,good,Pot,,
1436969830.950289,,good,Pot,,
1436969838.162615,,good,Pot,,
1436969850.767254,,good,Pot,,
1436969854.363948,,good,Pot,,
1436969855.564907,,good,Pot,,
1436969856.163715,,good,Pot,,
1436969860.962048,,good,Pot,,
1436969873.603053,,good,Pot,,
1436969877.205451,,good,Pot,,
1436969883.822617,,good,Pot,,
1436969885.628781,,good,Pot,,
1436969888.034081,,good,Pot,,
1436969889.845259,,good,Pot,,
1436969895.845819,,good,Pot,,
1436969897.642577,,good,Pot,,
1436969910.260441,,good,Pot,,
1436969921.05853,,good,Pot,,
1436969936.691161,,good,Pot,,
1436969942.114825,,good,Pot,,
1436969945.128391,,good,Pot,,
1436969946.335006,,good,Pot,,
1436969946.940827,,good,Pot,,
1436969951.755842,,good,Pot,,
1436969954.758962,,good,Pot,,
1436969960.175183,,good,Pot,,
1436969970.417952,,good,Pot,,
1436969972.226967,,good,Pot,,
1436969983.65449,,good,Pot,,
1436969984.862209,,good,Pot,,
1436969990.857738,,good,Pot,,
1436969993.847263,,good,Pot,,
1436969996.844222,,good,Pot,,
1436970001.042147,,good,Pot,,
1436970003.442049,,good,Pot,,
1436970004.037662,,good,Pot,,
1436970005.845037,,good,Pot,,
1436970008.252485,,good,Pot,,
1436970010.64991,,good,Pot,,
1436970014.242085,,good,Pot,,
1436970015.441859,,good,Pot,,
1436970016.641341,,good,Pot,,
1436970028.056989,,good,Pot,,
1436970032.267696,,good,Pot,,
1436970060.503747,,good,Pot,,
1436970084.557842,,good,Pot,,
1436970085.759709,,good,Pot,,
1436970087.561308,,good,Pot,,
1436970092.976324,,good,Pot,,
1436970097.778175,,good,Pot,,
1436970101.990268,,good,Pot,,
1436970104.994109,,good,Pot,,
1436970108.60073,,good,Pot,,
1436970113.414299,,good,Pot,,
1436970117.008218,,good,Pot,,
1436970122.42684,,good,Pot,,
1436970124.831477,,good,Pot,,
1436970130.854689,,good,Pot,,
1436970133.857415,,good,Pot,,
1436970157.292469,,good,Pot,,
1436970168.118794,,good,Pot,,
1436970181.939994,,good,Pot,,
1436970190.341482,,good,Pot,,
1436970195.144671,,good,Pot,,
1436970199.362201,,good,Pot,,
1436970201.163818,,good,Pot,,
1436970209.58341,,good,Pot,,
1436970213.790415,,good,Pot,,
1436970216.204799,,good,Pot,,
1436970228.226634,,good,Pot,,
1436970234.243164,,good,Pot,,
1436970242.658961,,good,Pot,,
1436970248.076406,,good,Pot,,
1436970250.474271,,good,Pot,,
1436970255.274025,,good,Pot,,
1436970288.899211,,good,Pot,,
1436970303.928004,,good,Pot,,
1436970306.92967,,good,Pot,,
1436970320.742811,,good,Pot,,
1436970322.547641,,good,Pot,,
1436970326.145103,,good,Pot,,
1436970326.744221,,good,Pot,,
1436970327.338638,,good,Pot,,
1436970328.546576,,good,Pot,,
1436970335.158415,,good,Pot,,
1436970336.960166,,good,Pot,,
1436970338.161421,,good,Pot,,
1436970341.161092,,good,Pot,,
1436970341.758495,,good,Pot,,
1436970342.360322,,good,Pot,,
1436970347.764751,,good,Pot,,
1436970348.971505,,good,Pot,,
1436970349.573803,,good,Pot,,
1436970360.408889,,good,Pot,,
1436970370.612817,,good,Pot,,
1436970377.230248,,good,Pot,,
1436970379.630913,,good,Pot,,
1436970381.427708,,good,Pot,,
1436970388.635927,,good,Pot,,
1436970390.440618,,good,Pot,,
1436970392.84278,,good,Pot,,
1436970398.850575,,good,Pot,,
1436970430.105765,,good,Pot,,
1436970430.704615,,good,Pot,,
1436970440.319789,,good,Pot,,
1436970476.389094,,good,Pot,,
1436970487.841531,,good,Pot,,
1436970489.047367,,good,Pot,,
1436970501.668774,,good,Pot,,
1436970505.867141,,good,Pot,,
1436970506.472444,,good,Pot,,
1436970538.72504,,good,Pot,,
1436970539.922444,,good,Pot,,
1436970544.133242,,good,Pot,,
1436970544.737011,,good,Pot,,
1436970546.540451,,good,Pot,,
1436970548.943744,,good,Pot,,
1436970562.169516,,good,Pot,,
1436970565.776033,,good,Pot,,
1436970566.371907,,good,Pot,,
1436970566.975552,,good,Pot,,
1436970585.017125,,good,Pot,,
1436970594.621545,,good,Pot,,
1436970595.227536,,good,Pot,,
1436970605.458035,,good,Pot,,
1436970609.058949,,good,Pot,,
1436970610.258943,,good,Pot,,
1436970618.682766,,good,Pot,,
1436970619.282952,,good,Pot,,
1436970628.901566,,good,Pot,,
1436970629.499304,,good,Pot,,
1436970635.522964,,good,Pot,,
1436970646.955571,,good,Pot,,
1436970649.360539,,good,Pot,,
1436970659.555557,,good,Pot,,
1436970663.762708,,good,Pot,,
1436970689.593275,,good,Pot,,
1436970690.192443,,good,Pot,,
1436970714.218355,,good,Pot,,
1436970729.831233,,good,Pot,,
1436970735.235467,,good,Pot,,
1436970742.454352,,good,Pot,,
1436970751.457528,,good,Pot,,
1436970759.869854,,good,Pot,,
1436970761.678933,,good,Pot,,
1436970762.277662,,good,Pot,,
1436970767.080183,,good,Pot,,
1436970772.478403,,good,Pot,,
1436970781.493189,,good,Pot,,
1436970783.891334,,good,Pot,,
1436970785.095673,,good,Pot,,
1436970796.499491,,good,Pot,,
1436970802.503592,,good,Pot,,
1436970809.713372,,good,Pot,,
1436970831.927202,,good,Pot,,
1436970837.334331,,good,Pot,,
1436970838.526491,,good,Pot,,
1436970841.527508,,good,Pot,,
1436970845.131059,,good,Pot,,
1436970853.524035,,good,Pot,,
1436970858.324422,,good,Pot,,
1436970864.929176,,good,Pot,,
1436970867.926934,,good,Pot,,
1436970868.528179,,good,Pot,,
1436970873.925367,,good,Pot,,
1436970879.946204,,good,Pot,,
1436970887.154057,,good,Pot,,
1436970887.755168,,good,Pot,,
1436970891.959195,,good,Pot,,
1436970902.186201,,good,Pot,,
1436970906.991741,,good,Pot,,
1436970912.395328,,good,Pot,,
1436970914.188964,,good,Pot,,
1436970916.595558,,good,Pot,,
1436970924.395608,,good,Pot,,
1436970927.401032,,good,Pot,,
1436970928.604574,,good,Pot,,
1436970933.390519,,good,Pot,,
1436970940.588975,,good,Pot,,
1436970941.795161,,good,Pot,,
1436970973.025162,,good,Pot,,
1436970974.226335,,good,Pot,,
1436970976.021972,,good,Pot,,
1436970982.629243,,good,Pot,,
1436971006.021384,,good,Pot,,
1436971007.226545,,good,Pot,,
1436971010.232468,,good,Pot,,
1436971012.03641,,good,Pot,,
1436971014.441956,,good,Pot,,
1436971015.647703,,good,Pot,,
1436971019.858068,,good,Pot,,
1436971025.262236,,good,Pot,,
1436971030.078569,,good,Pot,,
1436971036.100041,,good,Pot,,
1436971042.092372,,good,Pot,,
1436971058.897772,,good,Pot,,
1436971062.504373,,good,Pot,,
1436971068.498511,,good,Pot,,
1436971073.304533,,good,Pot,,
1436971076.909642,,good,Pot,,
1436971077.512791,,good,Pot,,
1436971084.722106,,good,Pot,,
1436971085.925773,,good,Pot,,
1436971094.948686,,good,Pot,,
1436971099.156442,,good,Pot,,
1436971104.555098,,good,Pot,,
1436971117.783378,,good,Pot,,
1436971140.629566,,good,Pot,,
1436971177.274494,,good,Pot,,
1436971189.283004,,good,Pot,,
1436971190.491622,,good,Pot,,
1436971201.296589,,good,Pot,,
1436971201.895423,,good,Pot,,
1436971203.698948,,good,Pot,,
1436971207.304818,,good,Pot,,
1436971212.109008,,good,Pot,,
1436971215.111607,,good,Pot,,
1436971215.716166,,good,Pot,,
1436971222.930724,,good,Pot,,
1436971224.726517,,good,Pot,,
1436971229.543499,,good,Pot,,
1436971234.342781,,good,Pot,,
1436971244.547363,,good,Pot,,
1436971256.549895,,good,Pot,,
1436971258.353213,,good,Pot,,
1436971261.34765,,good,Pot,,
1436971267.360195,,good,Pot,,
1436971271.555586,,good,Pot,,
1436971276.356463,,good,Pot,,
1436971278.152358,,good,Pot,,
1436971283.554349,,good,Pot,,
1436971291.383862,,good,Pot,,
1436971294.991728,,good,Pot,,
1436971296.79505,,good,Pot,,
1436971302.214518,,good,Pot,,
1436971304.623126,,good,Pot,,
1436971315.428014,,good,Pot,,
1436971317.832301,,good,Pot,,
1436971320.8247,,good,Pot,,
1436971328.632243,,good,Pot,,
1436971329.236322,,good,Pot,,
1436971334.643257,,good,Pot,,
1436971353.863115,,good,Pot,,
1436971355.662108,,good,Pot,,
1436971358.663849,,good,Pot,,
1436971365.279751,,good,Pot,,
1436971373.113222,,good,Pot,,
1436971385.146053,,good,Pot,,
1436971388.755606,,good,Pot,,
1436971389.353208,,good,Pot,,
1436971412.180111,,good,Pot,,
1436971424.179009,,good,Pot,,
1436971424.778033,,good,Pot,,
1436971428.387104,,good,Pot,,
1436971435.607935,,good,Pot,,
1436971440.433014,,good,Pot,,
1436971442.841249,,good,Pot,,
1436971444.650354,,good,Pot,,
1436971452.458806,,good,Pot,,
1436971456.657964,,good,Pot,,
1436971467.457595,,good,Pot,,
1436971474.075647,,good,Pot,,
1436971483.695053,,good,Pot,,
1436971484.889731,,good,Pot,,
1436971489.691313,,good,Pot,,
1436971508.32093,,good,Pot,,
1436971508.921098,,good,Pot,,
1436971516.124719,,good,Pot,,
1436971518.529821,,good,Pot,,
1436971524.545461,,good,Pot,,
1436971525.745812,,good,Pot,,
1436971528.759259,,good,Pot,,
1436971530.559039,,good,Pot,,
1436971534.15932,,good,Pot,,
1436971535.361858,,good,Pot,,
1436971550.981959,,good,Pot,,
1436971551.578118,,good,Pot,,
1436971564.773776,,good,Pot,,
1436971567.784806,,good,Pot,,
1436971569.58495,,good,Pot,,
1436971570.187511,,good,Pot,,
1436971574.990065,,good,Pot,,
1436971584.009981,,good,Pot,,
1436971587.624012,,good,Pot,,
1436971596.042411,,good,Pot,,
1436971608.029446,,good,Pot,,
1436971618.84762,,good,Pot,,
1436971629.055493,,good,Pot,,
1436971631.455468,,good,Pot,,
1436971640.479241,,good,Pot,,
1436971642.882159,,good,Pot,,
1436971644.078019,,good,Pot,,
1436971655.490749,,good,Pot,,
1436971658.505715,,good,Pot,,
1436971667.526308,,good,Pot,,
1436971675.353507,,good,Pot,,
1436971681.365174,,good,Pot,,
1436971706.620528,,good,Pot,,
1436971713.2218,,good,Pot,,
1436971714.426668,,good,Pot,,
1436971715.028284,,good,Pot,,
1436971716.231488,,good,Pot,,
1436971720.443275,,good,Pot,,
1436971735.467218,,good,Pot,,
1436971736.06339,,good,Pot,,
1436971736.663427,,good,Pot,,
1436971740.874773,,good,Pot,,
1436971743.27369,,good,Pot,,
1436971760.091208,,good,Pot,,
1436971762.495779,,good,Pot,,
1436971763.697771,,good,Pot,,
1436971768.504102,,good,Pot,,
1436971776.32002,,good,Pot,,
1436971777.52097,,good,Pot,,
1436971782.318131,,good,Pot,,
1436971788.927962,,good,Pot,,
1436971800.332708,,good,Pot,,
1436971812.934046,,good,Pot,,
1436971826.161011,,good,Pot,,
1436971827.362571,,good,Pot,,
1436971835.157641,,good,Pot,,
1436971844.779022,,good,Pot,,
1436971849.583672,,good,Pot,,
1436971858.011103,,good,Pot,,
1436971864.628275,,good,Pot,,
1436971879.033524,,good,Pot,,
1436971886.847726,,good,Pot,,
1436971889.252026,,good,Pot,,
1436971889.853128,,good,Pot,,
1436971892.264624,,good,Pot,,
1436971899.477822,,good,Pot,,
1436971903.07581,,good,Pot,,
1436971906.676157,,good,Pot,,
1436971911.519728,,good,Pot,,
1436971918.120762,,good,Pot,,
1436971943.346297,,good,Pot,,
1436971945.142236,,good,Pot,,
1436971970.98844,,good,Pot,,
1436971976.991962,,good,Pot,,
1436971985.402812,,good,Pot,,
1436971992.614988,,good,Pot,,
1436971997.41216,,good,Pot,,
1436972005.816333,,good,Pot,,
1436972010.042971,,good,Pot,,
1436972012.437824,,good,Pot,,
1436972026.258231,,good,Pot,,
1436972026.871584,,good,Pot,,
1436972043.117462,,good,Pot,,
1436972044.918799,,good,Pot,,
1436972050.929052,,good,Pot,,
1436972057.536131,,good,Pot,,
1436972061.740023,,good,Pot,,
1436972067.163113,,good,Pot,,
1436972070.173019,,good,Pot,,
1436972074.377175,,good,Pot,,
1436972097.181939,,good,Pot,,
1436972105.00631,,good,Pot,,
1436972105.609182,,good,Pot,,
1436972117.643106,,good,Pot,,
1436972119.449386,,good,Pot,,
1436972129.691559,,good,Pot,,
1436972133.30275,,good,Pot,,
1436972136.309584,,good,Pot,,
1436972150.151486,,good,Pot,,
1436972162.162455,,good,Pot,,
1436972162.761786,,good,Pot,,
1436972179.559605,,good,Pot,,
1436972183.183037,,good,Pot,,
1436972198.187084,,good,Pot,,
1436972202.389226,,good,Pot,,
1436972202.992302,,good,Pot,,
1436972203.593206,,good,Pot,,
1436972209.607852,,good,Pot,,
1436972217.406227,,good,Pot,,
1436972225.809135,,good,Pot,,
1436972239.63666,,good,Pot,,
1436972249.921368,,good,Pot,,
1436972251.721335,,good,Pot,,
1436972257.124945,,good,Pot,,
1436972263.145579,,good,Pot,,
1436972280.575155,,good,Pot,,
1436972288.975497,,good,Pot,,
1436972289.570619,,good,Pot,,
1436972298.593802,,good,Pot,,
1436972299.198563,,good,Pot,,
1436972303.998348,,good,Pot,,
1436972307.002585,,good,Pot,,
1436972309.394647,,good,Pot,,
1436972311.19958,,good,Pot,,
1436972331.627896,,good,Pot,,
1436972332.229001,,good,Pot,,
1436972344.814908,,good,Pot,,
1436972345.412182,,good,Pot,,
1436972355.03921,,good,Pot,,
1436972356.240839,,good,Pot,,
1436972360.442862,,good,Pot,,
1436972366.454572,,good,Pot,,
1436972372.467257,,good,Pot,,
1436972377.268218,,good,Pot,,
1436972391.711393,,good,Pot,,
1436972395.92306,,good,Pot,,
1436972398.328342,,good,Pot,,
1436972407.341965,,good,Pot,,
1436972407.945557,,good,Pot,,
1436972413.951507,,good,Pot,,
1436972418.760654,,good,Pot,,
1436972425.976104,,good,Pot,,
1436972430.779626,,good,Pot,,
1436972436.198771,,good,Pot,,
1436972437.998719,,good,Pot,,
1436972438.595771,,good,Pot,,
1436972464.438381,,good,Pot,,
1436972468.047747,,good,Pot,,
1436972472.848708,,good,Pot,,
1436972481.255079,,good,Pot,,
1436972497.491885,,good,Pot,,
1436972514.91811,,good,Pot,,
1436972517.912723,,good,Pot,,
1436972518.512449,,good,Pot,,
1436972522.711227,,good,Pot,,
1436972530.527816,,good,Pot,,
1436972532.326962,,good,Pot,,
1436972534.12347,,good,Pot,,
1436972537.12972,,good,Pot,,
1436972546.742786,,good,Pot,,
1436972553.947499,,good,Pot,,
1436972559.961046,,good,Pot,,
1436972568.979017,,good,Pot,,
1436972573.195014,,good,Pot,,
1436972580.422896,,good,Pot,,
1436972581.025028,,good,Pot,,
1436972593.631344,,good,Pot,,
1436972597.842289,,good,Pot,,
1436972602.659446,,good,Pot,,
1436972609.876268,,good,Pot,,
1436972612.877839,,good,Pot,,
1436972618.279514,,good,Pot,,
1436972621.878158,,good,Pot,,
1436972623.679771,,good,Pot,,
1436972627.28913,,good,Pot,,
1436972629.696135,,good,Pot,,
1436972635.094884,,good,Pot,,
1436972644.722126,,good,Pot,,
1436972656.75208,,good,Pot,,
1436972661.541684,,good,Pot,,
1436972664.542748,,good,Pot,,
1436972666.942013,,good,Pot,,
1436972669.95167,,good,Pot,,
1436972671.756491,,good,Pot,,
1436972686.190081,,good,Pot,,
1436972689.216046,,good,Pot,,
1436972694.033368,,good,Pot,,
1436972697.043305,,good,Pot,,
1436972702.457578,,good,Pot,,
1436972711.452545,,good,Pot,,
1436972718.077893,,good,Pot,,
1436972718.679228,,good,Pot,,
1436972727.70146,,good,Pot,,
1436972731.908906,,good,Pot,,
1436972737.321223,,good,Pot,,
1436972739.12181,,good,Pot,,
1436972741.527086,,good,Pot,,
1436972745.137885,,good,Pot,,
1436972748.736946,,good,Pot,,
1436972749.941009,,good,Pot,,
1436972755.353544,,good,Pot,,
1436972770.966679,,good,Pot,,
1436972784.792097,,good,Pot,,
1436972785.989878,,good,Pot,,
1436972813.201136,,good,Pot,,
1436972818.599276,,good,Pot,,
1436972827.016807,,good,Pot,,
1436972831.806073,,good,Pot,,
1436972837.81326,,good,Pot,,
1436972843.225842,,good,Pot,,
1436972846.838643,,good,Pot,,
1436972859.459764,,good,Pot,,
1436972865.471286,,good,Pot,,
1436972866.667697,,good,Pot,,
1436972870.277688,,good,Pot,,
1436972872.686368,,good,Pot,,
1436972880.489633,,good,Pot,,
1436972883.511285,,good,Pot,,
1436972890.722188,,good,Pot,,
1436972892.525328,,good,Pot,,
1436972899.12699,,good,Pot,,
1436972899.728861,,good,Pot,,
1436972901.521171,,good,Pot,,
1436972908.137935,,good,Pot,,
1436972927.366388,,good,Pot,,
1436972929.762572,,good,Pot,,
1436972936.372399,,good,Pot,,
1436972940.582513,,good,Pot,,
1436972942.986376,,good,Pot,,
1436972943.589452,,good,Pot,,
1436972947.20622,,good,Pot,,
1436972947.806246,,good,Pot,,
1436972948.402627,,good,Pot,,
1436972973.054828,,good,Pot,,
1436972980.886059,,good,Pot,,
1436972983.897862,,good,Pot,,
1436972986.301504,,good,Pot,,
1436973000.091529,,good,Pot,,
1436973001.293266,,good,Pot,,
1436973003.080303,,good,Pot,,
1436973004.883957,,good,Pot,,
1436973009.692819,,good,Pot,,
1436973021.109962,,good,Pot,,
1436973028.310493,,good,Pot,,
1436973035.523364,,good,Pot,,
1436973041.527671,,good,Pot,,
1436973046.330541,,good,Pot,,
1436973048.124302,,good,Pot,,
1436973058.92433,,good,Pot,,
1436973059.524384,,good,Pot,,
1436973067.930457,,good,Pot,,
1436973086.559479,,good,Pot,,
1436973088.364319,,good,Pot,,
1436973093.159507,,good,Pot,,
1436973093.760241,,good,Pot,,
1436973096.163933,,good,Pot,,
1436973118.35854,,good,Pot,,
1436973121.965151,,good,Pot,,
1436973122.565309,,good,Pot,,
1436973125.577379,,good,Pot,,
1436973127.977389,,good,Pot,,
1436973128.579985,,good,Pot,,
1436973129.179958,,good,Pot,,
1436973134.594759,,good,Pot,,
1436973137.5961,,good,Pot,,
1436973140.607081,,good,Pot,,
1436973141.812101,,good,Pot,,
1436973153.829046,,good,Pot,,
1436973156.828185,,good,Pot,,
1436973158.625104,,good,Pot,,
1436973167.021798,,good,Pot,,
1436973168.822381,,good,Pot,,
1436973170.012034,,good,Pot,,
1436973177.208946,,good,Pot,,
1436973185.014369,,good,Pot,,
1436973187.418484,,good,Pot,,
1436973188.619311,,good,Pot,,
1436973194.624956,,good,Pot,,
1436973200.631999,,good,Pot,,
1436973217.428435,,good,Pot,,
1436973218.030213,,good,Pot,,
1436973219.234343,,good,Pot,,
1436973231.826945,,good,Pot,,
1436973232.429543,,good,Pot,,
1436973236.627018,,good,Pot,,
1436973237.225111,,good,Pot,,
1436973243.229688,,good,Pot,,
1436973244.434385,,good,Pot,,
1436973248.626095,,good,Pot,,
1436973252.827034,,good,Pot,,
1436973260.039082,,good,Pot,,
1436973266.652811,,good,Pot,,
1436973272.059587,,good,Pot,,
1436973273.260568,,good,Pot,,
1436973275.060118,,good,Pot,,
1436973276.87452,,good,Pot,,
1436973281.075688,,good,Pot,,
1436973286.476168,,good,Pot,,
1436973290.669991,,good,Pot,,
1436973295.482508,,good,Pot,,
1436973306.898839,,good,Pot,,
1436973309.303675,,good,Pot,,
1436973317.714813,,good,Pot,,
1436973318.319796,,good,Pot,,
1436973339.980636,,good,Pot,,
1436973346.594243,,good,Pot,,
1436973347.192222,,good,Pot,,
1436973364.044561,,good,Pot,,
1436973374.881876,,good,Pot,,
1436973379.675575,,good,Pot,,
1436973386.891852,,good,Pot,,
1436973391.710494,,good,Pot,,
1436973395.306363,,good,Pot,,
1436973397.109454,,good,Pot,,
1436973403.10829,,good,Pot,,
1436973421.714205,,good,Pot,,
1436973435.526992,,good,Pot,,
1436973443.946367,,good,Pot,,
1436973450.557902,,good,Pot,,
1436973455.964206,,good,Pot,,
1436973467.355181,,good,Pot,,
1436973469.755906,,good,Pot,,
1436973477.557867,,good,Pot,,
1436973481.169767,,good,Pot,,
1436973482.370038,,good,Pot,,
1436973485.373816,,good,Pot,,
1436973485.974058,,good,Pot,,
1436973493.184468,,good,Pot,,
1436973503.967166,,good,Pot,,
1436973508.162243,,good,Pot,,
1436973515.373067,,good,Pot,,
1436973517.776417,,good,Pot,,
1436973524.974234,,good,Pot,,
1436973534.592162,,good,Pot,,
1436973542.411546,,good,Pot,,
1436973543.004902,,good,Pot,,
1436973568.83289,,good,Pot,,
1436973580.238726,,good,Pot,,
1436973584.441629,,good,Pot,,
1436973585.04308,,good,Pot,,
1436973589.847315,,good,Pot,,
1436973591.648172,,good,Pot,,
1436973618.679728,,good,Pot,,
1436973625.897723,,good,Pot,,
1436973629.503886,,good,Pot,,
1436973631.307816,,good,Pot,,
1436973638.517936,,good,Pot,,
1436973652.379722,,good,Pot,,
1436973660.783549,,good,Pot,,
1436973681.813273,,good,Pot,,
1436973683.01058,,good,Pot,,
1436973690.819666,,good,Pot,,
1436973692.023496,,good,Pot,,
1436973693.824869,,good,Pot,,
1436973696.216157,,good,Pot,,
1436973706.445758,,good,Pot,,
1436973725.070222,,good,Pot,,
1436973731.087156,,good,Pot,,
1436973736.485171,,good,Pot,,
1436973739.493086,,good,Pot,,
1436973740.098353,,good,Pot,,
1436973753.92126,,good,Pot,,
1436973769.524333,,good,Pot,,
1436973773.124137,,good,Pot,,
1436973776.128379,,good,Pot,,
1436973776.72959,,good,Pot,,
1436973785.143439,,good,Pot,,
1436973786.342368,,good,Pot,,
1436973790.551755,,good,Pot,,
1436973793.559835,,good,Pot,,
1436973800.155554,,good,Pot,,
1436973802.561121,,good,Pot,,
1436973804.359067,,good,Pot,,
1436973810.960111,,good,Pot,,
1436973821.784407,,good,Pot,,
1436973835.009087,,good,Pot,,
1436973838.012562,,good,Pot,,
1436973838.936944,,good,Pot,,
1436973848.5446,,good,Pot,,
1436973850.349341,,good,Pot,,
1436973872.564891,,good,Pot,,
1436973876.162022,,good,Pot,,
1436973879.161944,,good,Pot,,
1436973884.558128,,good,Pot,,
1436973888.175051,,good,Pot,,
1436973891.177809,,good,Pot,,
1436973898.382397,,good,Pot,,
1436973901.390495,,good,Pot,,
1436973911.585086,,good,Pot,,
1436973912.183244,,good,Pot,,
1436973913.38689,,good,Pot,,
1436973919.406337,,good,Pot,,
1436973921.810921,,good,Pot,,
1436973924.816997,,good,Pot,,
1436973925.416505,,good,Pot,,
1436973932.028153,,good,Pot,,
1436973935.626961,,good,Pot,,
1436973950.0399,,good,Pot,,
1436973954.841045,,good,Pot,,
1436973964.452435,,good,Pot,,
1436973965.054062,,good,Pot,,
1436973966.258163,,good,Pot,,
1436973966.859502,,good,Pot,,
1436973971.660407,,good,Pot,,
1436973989.718662,,good,Pot,,
1436974001.148226,,good,Pot,,
1436974002.942419,,good,Pot,,
1436974006.548505,,good,Pot,,
1436974008.361944,,good,Pot,,
1436974022.173398,,good,Pot,,
1436974024.581358,,good,Pot,,
1436974025.184855,,good,Pot,,
1436974031.80537,,good,Pot,,
1436974042.62153,,good,Pot,,
1436974049.225838,,good,Pot,,
1436974053.431623,,good,Pot,,
1436974061.849176,,good,Pot,,
1436974063.645885,,good,Pot,,
1436974079.8626,,good,Pot,,
1436974090.078298,,good,Pot,,
1436974091.882411,,good,Pot,,
1436974093.086644,,good,Pot,,
1436974102.108039,,good,Pot,,
1436974106.917593,,good,Pot,,
1436974114.13097,,good,Pot,,
1436974114.733025,,good,Pot,,
1436974115.932522,,good,Pot,,
1436974123.735476,,good,Pot,,
1436974127.348315,,good,Pot,,
1436974130.358617,,good,Pot,,
1436974138.7768,,good,Pot,,
1436974145.978202,,good,Pot,,
1436974156.796573,,good,Pot,,
1436974159.81544,,good,Pot,,
1436974173.046861,,good,Pot,,
1436974174.850394,,good,Pot,,
1436974184.470572,,good,Pot,,
1436974190.453626,,good,Pot,,
1436974204.866195,,good,Pot,,
1436974210.867959,,good,Pot,,
1436974216.285591,,good,Pot,,
1436974228.901073,,good,Pot,,
1436974243.926719,,good,Pot,,
1436974247.528113,,good,Pot,,
1436974249.925767,,good,Pot,,
1436974263.747823,,good,Pot,,
1436974264.346593,,good,Pot,,
1436974266.759741,,good,Pot,,
1436974269.164007,,good,Pot,,
1436974294.413214,,good,Pot,,
1436974296.813915,,good,Pot,,
1436974317.841061,,good,Pot,,
1436974320.843304,,good,Pot,,
1436974321.439178,,good,Pot,,
1436974326.244813,,good,Pot,,
1436974332.247522,,good,Pot,,
1436974334.648361,,good,Pot,,
1436974346.652596,,good,Pot,,
1436974352.657144,,good,Pot,,
1436974363.470819,,good,Pot,,
1436974382.712443,,good,Pot,,
1436974386.316753,,good,Pot,,
1436974387.520192,,good,Pot,,
1436974392.316874,,good,Pot,,
1436974401.308646,,good,Pot,,
1436974402.515927,,good,Pot,,
1436974405.505343,,good,Pot,,
1436974419.938272,,good,Pot,,
1436974422.936974,,good,Pot,,
1436974426.555612,,good,Pot,,
1436974430.158564,,good,Pot,,
1436974433.761684,,good,Pot,,
1436974437.370039,,good,Pot,,
1436974440.978537,,good,Pot,,
1436974452.403964,,good,Pot,,
1436974459.011794,,good,Pot,,
1436974463.836547,,good,Pot,,
1436974468.648209,,good,Pot,,
1436974478.273471,,good,Pot,,
1436974484.280914,,good,Pot,,
1436974491.490362,,good,Pot,,
1436974492.684291,,good,Pot,,
1436974493.283122,,good,Pot,,
1436974496.897449,,good,Pot,,
1436974497.498961,,good,Pot,,
1436974500.500512,,good,Pot,,
1436974503.5028,,good,Pot,,
1436974504.70664,,good,Pot,,
1436974506.506728,,good,Pot,,
1436974525.162861,,good,Pot,,
1436974559.398259,,good,Pot,,
1436974560.599362,,good,Pot,,
1436974563.005449,,good,Pot,,
1436974575.020288,,good,Pot,,
1436974577.41686,,good,Pot,,
1436974583.443158,,good,Pot,,
1436974585.854736,,good,Pot,,
1436974587.660559,,good,Pot,,
1436974591.867481,,good,Pot,,
1436974594.261182,,good,Pot,,
1436974600.27078,,good,Pot,,
1436974602.683855,,good,Pot,,
1436974614.113679,,good,Pot,,
1436974614.722028,,good,Pot,,
1436974618.332667,,good,Pot,,
1436974619.531828,,good,Pot,,
1436974620.742544,,good,Pot,,
1436974625.542695,,good,Pot,,
1436974637.545011,,good,Pot,,
1436974642.351652,,good,Pot,,
1436974645.35565,,good,Pot,,
1436974647.755771,,good,Pot,,
1436974651.357113,,good,Pot,,
1436974652.560646,,good,Pot,,
1436974657.965129,,good,Pot,,
1436974660.977095,,good,Pot,,
1436974665.789606,,good,Pot,,
1436974669.394791,,good,Pot,,
1436974670.596972,,good,Pot,,
1436974675.406928,,good,Pot,,
1436974683.807508,,good,Pot,,
1436974686.212031,,good,Pot,,
1436974692.234591,,good,Pot,,
1436974694.633041,,good,Pot,,
1436974696.435206,,good,Pot,,
1436974700.043877,,good,Pot,,
1436974709.644418,,good,Pot,,
1436974710.242608,,good,Pot,,
1436974710.848038,,good,Pot,,
1436974716.843827,,good,Pot,,
1436974717.446858,,good,Pot,,
1436974726.447852,,good,Pot,,
1436974727.649605,,good,Pot,,
1436974728.248173,,good,Pot,,
1436974730.650035,,good,Pot,,
1436974740.860976,,good,Pot,,
1436974752.291543,,good,Pot,,
1436974766.125896,,good,Pot,,
1436974771.552658,,good,Pot,,
1436974778.162358,,good,Pot,,
1436974787.155863,,good,Pot,,
1436974791.362355,,good,Pot,,
1436974797.962067,,good,Pot,,
1436974799.161406,,good,Pot,,
1436974802.759792,,good,Pot,,
1436974809.355801,,good,Pot,,
1436974811.154589,,good,Pot,,
1436974824.344676,,good,Pot,,
1436974832.148816,,good,Pot,,
1436974841.775394,,good,Pot,,
1436974845.381016,,good,Pot,,
1436974845.979117,,good,Pot,,
1436974850.77951,,good,Pot,,
1436974861.57943,,good,Pot,,
1436974872.997358,,good,Pot,,
1436974880.216051,,good,Pot,,
1436974882.613792,,good,Pot,,
1436974885.614576,,good,Pot,,
1436974901.826928,,good,Pot,,
1436974912.669634,,good,Pot,,
1436974916.263389,,good,Pot,,
1436974919.262325,,good,Pot,,
1436974921.062821,,good,Pot,,
1436974924.65441,,good,Pot,,
1436974925.25281,,good,Pot,,
1436974925.854794,,good,Pot,,
1436974927.061661,,good,Pot,,
1436974928.868927,,good,Pot,,
1436974949.275014,,good,Pot,,
1436974952.275793,,good,Pot,,
1436974952.878026,,good,Pot,,
1436974954.080259,,good,Pot,,
1436974957.077638,,good,Pot,,
1436974959.47362,,good,Pot,,
1436974960.673923,,good,Pot,,
1436974964.28021,,good,Pot,,
1436974971.493262,,good,Pot,,
1436974978.10574,,good,Pot,,
1436974979.90717,,good,Pot,,
1436974993.710841,,good,Pot,,
1436974996.092278,,good,Pot,,
1436975000.295139,,good,Pot,,
1436975006.281387,,good,Pot,,
1436975020.665073,,good,Pot,,
1436975023.065328,,good,Pot,,
1436975027.866185,,good,Pot,,
1436975034.477459,,good,Pot,,
1436975037.489514,,good,Pot,,
1436975043.484947,,good,Pot,,
1436975047.093105,,good,Pot,,
1436975051.90008,,good,Pot,,
1436975060.303262,,good,Pot,,
1436975066.293895,,good,Pot,,
1436975066.894823,,good,Pot,,
1436975074.704155,,good,Pot,,
1436975083.69797,,good,Pot,,
1436975087.291671,,good,Pot,,
1436975090.883399,,good,Pot,,
1436975091.478692,,good,Pot,,
1436975092.679036,,good,Pot,,
1436975098.096255,,good,Pot,,
1436975099.30226,,good,Pot,,
1436975099.897871,,good,Pot,,
1436975102.898312,,good,Pot,,
1436975108.302743,,good,Pot,,
1436975109.506063,,good,Pot,,
1436975117.925879,,good,Pot,,
1436975122.717841,,good,Pot,,
1436975123.317113,,good,Pot,,
1436975127.504084,,good,Pot,,
1436975129.305186,,good,Pot,,
1436975131.11792,,good,Pot,,
1436975134.12255,,good,Pot,,
1436975138.918277,,good,Pot,,
1436975153.324493,,good,Pot,,
1436975153.923754,,good,Pot,,
1436975162.94461,,good,Pot,,
1436975164.144844,,good,Pot,,
1436975171.931336,,good,Pot,,
1436975178.543187,,good,Pot,,
1436975181.544852,,good,Pot,,
1436975207.942971,,good,Pot,,
1436975222.346409,,good,Pot,,
1436975222.950747,,good,Pot,,
1436975234.945334,,good,Pot,,
1436975242.126055,,good,Pot,,
1436975245.115672,,good,Pot,,
1436975248.721213,,good,Pot,,
1436975252.929585,,good,Pot,,
1436975258.932739,,good,Pot,,
1436975269.145979,,good,Pot,,
1436975278.141121,,good,Pot,,
1436975280.544937,,good,Pot,,
1436975301.578731,,good,Pot,,
1436975307.578641,,good,Pot,,
1436975308.173855,,good,Pot,,
1436975309.378561,,good,Pot,,
1436975309.98012,,good,Pot,,
1436975318.996392,,good,Pot,,
1436975325.597712,,good,Pot,,
1436975326.793836,,good,Pot,,
1436975327.39515,,good,Pot,,
1436975329.813792,,good,Pot,,
1436975331.014989,,good,Pot,,
1436975336.447621,,good,Pot,,
1436975337.649586,,good,Pot,,
1436975358.639578,,good,Pot,,
1436975363.438803,,good,Pot,,
1436975369.433477,,good,Pot,,
1436975374.242483,,good,Pot,,
1436975376.044931,,good,Pot,,
1436975376.638038,,good,Pot,,
1436975378.431863,,good,Pot,,
1436975379.031283,,good,Pot,,
1436975383.839846,,good,Pot,,
1436975400.661074,,good,Pot,,
1436975407.254485,,good,Pot,,
1436975409.647712,,good,Pot,,
1436975410.24099,,good,Pot,,
1436975412.640831,,good,Pot,,
1436975419.864304,,good,Pot,,
1436975420.46699,,good,Pot,,
1436975421.067904,,good,Pot,,
1436975433.104767,,good,Pot,,
1436975443.918411,,good,Pot,,
1436975450.526634,,good,Pot,,
1436975459.541202,,good,Pot,,
1436975463.76865,,good,Pot,,
1436975467.378615,,good,Pot,,
1436975472.786451,,good,Pot,,
1436975473.990187,,good,Pot,,
1436975474.589958,,good,Pot,,
1436975477.593944,,good,Pot,,
1436980690.95003,,good,Pot,,
1436980692.163788,,good,Pot,,
1436980695.17591,,good,Pot,,
1436980700.712934,,good,Pot,,
1436980704.331271,,good,Pot,,
